-- GESTORE 

 

INSERT INTO "GESTORE" VALUES ('BRNRCR05E11F839K','RICCARDO','BARONE','RICCARDOBARONE379@GMAIL.COM','3762383773'); 

 

INSERT INTO "GESTORE" VALUES ('RCCGNN04C31E054I','GIOVANNI','RICCARDO','GIOVANNIRICCARDO@GMAIL.COM','3760746493'); 

 

INSERT INTO "GESTORE" VALUES ('AMDMRA80A01F839A','MARIO','ROSSI','MARIOROSSI@GMAIL.COM','3331112223'); 

 

INSERT INTO "GESTORE" VALUES ('AMDLCA81B02F839B','LUCA','BIANCHI','LUCABIANCHI@GMAIL.COM','3331112224'); 

 

INSERT INTO "GESTORE" VALUES ('AMDGRV82C03F839C','GIOVANNI','VERDI','GIOVANNIVERDI@GMAIL.COM','3331112225'); 

 

INSERT INTO "GESTORE" VALUES ('AMDFNC83D04F839D','FRANCESCO','RUSSO','FRANCESCORUSSO@GMAIL.COM','3331112226'); 

 

INSERT INTO "GESTORE" VALUES ('AMDSTF84E05F839E','STEFANO','FERRARI','STEFANOFERRARI@GMAIL.COM','3331112227'); 

 

INSERT INTO "GESTORE" VALUES ('AMDAST85F06F839F','ALESSIO','ESPOSITO','ALESSIOESPOSITO@GMAIL.COM','3331112228'); 

 

INSERT INTO "GESTORE" VALUES ('AMDNDR86G07F839G','ANDREA','ROMANO','ANDREAROMANO@GMAIL.COM','3331112229'); 

 

INSERT INTO "GESTORE" VALUES ('AMDMRE87H08F839H','MARCO','COLOMBO','MARCOCOLOMBO@GMAIL.COM','3331112230'); 

 

INSERT INTO "GESTORE" VALUES ('AMDGPP88I09F839I','GIUSEPPE','RICCI','GIUSEPPERICCI@GMAIL.COM','3331112231'); 

 

INSERT INTO "GESTORE" VALUES ('AMDATN89J10F839J','ANTONIO','MARINI','ANTONIOMARINI@GMAIL.COM','3331112232'); 

 

INSERT INTO "GESTORE" VALUES ('AMDRBT90K11F839K','ROBERTO','GRECO','ROBERTOGRECO@GMAIL.COM','3331112233'); 

 

INSERT INTO "GESTORE" VALUES ('AMDDRD91L12F839L','DAVIDE','BRUNO','DAVIDEBRUNO@GMAIL.COM','3331112234'); 

 

INSERT INTO "GESTORE" VALUES ('AMDFBA92M13F839M','FABIO','GALLI','FABIOGALLI@GMAIL.COM','3331112235'); 

 

INSERT INTO "GESTORE" VALUES ('AMDSMN93N14F839N','SIMONE','CONTE','SIMONECONTE@GMAIL.COM','3331112236'); 

 

INSERT INTO "GESTORE" VALUES ('MNTMRA80A01F839O','ALESSANDRO','COSTA','ALESSANDROCOSTA@GMAIL.COM','3332221111'); 

 

INSERT INTO "GESTORE" VALUES ('MNTLCS81B02F839P','LORENZO','FONTANA','LORENZOFONTANA@GMAIL.COM','3332221112'); 

 

INSERT INTO "GESTORE" VALUES ('MNTGRV82C03F839Q','GIACOMO','SERRA','GIACOMOSERRA@GMAIL.COM','3332221113'); 

 

INSERT INTO "GESTORE" VALUES ('MNTFNC83D04F839R','FRANCESCO','VOLPI','FEDERICOVOLPI@GMAIL.COM','3332221114'); 

 

INSERT INTO "GESTORE" VALUES ('MNTSTF84E05F839S','MATTEO','RIZZO','MATTEORIZZO@GMAIL.COM','3332221115'); 

 

INSERT INTO "GESTORE" VALUES ('MNTAST85F06F839T','DANIELE','GENTILE','DANIELEGENTILE@GMAIL.COM','3332221116'); 

 

INSERT INTO "GESTORE" VALUES ('MNTNDR86G07F839U','MANUEL','BARBIERI','MANUELBARBIERI@GMAIL.COM','3332221117'); 

 

INSERT INTO "GESTORE" VALUES ('MNTMRE87H08F839V','EMANUELE','ALBERTI','EMANUELEALBERTI@GMAIL.COM','3332221118'); 

 

INSERT INTO "GESTORE" VALUES ('MNTGPP88I09F839W','CRISTIAN','MORETTI','CRISTIANMORETTI@GMAIL.COM','3332221119'); 

 

INSERT INTO "GESTORE" VALUES ('MNMDNC90A01F839X','DOMENICO','LEONE','DOMENICOLEONE@GMAIL.COM','3332221120'); 

 

INSERT INTO "GESTORE" VALUES ('MNMMSM91B02F839Y','MASSIMO','LONGO','MASSIMOLONGO@GMAIL.COM','3332221121'); 

 

INSERT INTO "GESTORE" VALUES ('MNMFTN92C03F839Z','PATRIZIO','GATTI','PATRIZIOGATTI@GMAIL.COM','3332221122'); 

 

INSERT INTO "GESTORE" VALUES ('MNMCRV93D04F839A','CESARE','PESCE','CESAREPESCE@GMAIL.COM','3332221123'); 

 

INSERT INTO "GESTORE" VALUES ('MNMVRG94E05F839B','VIRGILIO','DE LUCA','VIRGILIODELUCA@GMAIL.COM','3332221124'); 

 

 

-- MANUTENTORE 

 

INSERT INTO "MANUTENTORE" ("CODICE_FISCALE") VALUES ('RCCGNN04C31E054I'); 

 

INSERT INTO "MANUTENTORE" ("CODICE_FISCALE") VALUES ('MNTMRA80A01F839O'); 

 

INSERT INTO "MANUTENTORE" ("CODICE_FISCALE") VALUES ('MNTLCS81B02F839P'); 

 

INSERT INTO "MANUTENTORE" ("CODICE_FISCALE") VALUES ('MNTGRV82C03F839Q'); 

 

INSERT INTO "MANUTENTORE" ("CODICE_FISCALE") VALUES ('MNTFNC83D04F839R'); 

 

INSERT INTO "MANUTENTORE" ("CODICE_FISCALE") VALUES ('MNTSTF84E05F839S'); 

 

INSERT INTO "MANUTENTORE" ("CODICE_FISCALE") VALUES ('MNTAST85F06F839T'); 

 

INSERT INTO "MANUTENTORE" ("CODICE_FISCALE") VALUES ('MNTNDR86G07F839U'); 

 

INSERT INTO "MANUTENTORE" ("CODICE_FISCALE") VALUES ('MNTMRE87H08F839V'); 

 

INSERT INTO "MANUTENTORE" ("CODICE_FISCALE") VALUES ('MNTGPP88I09F839W'); 

 

INSERT INTO "MANUTENTORE" ("CODICE_FISCALE") VALUES ('MNMDNC90A01F839X'); 

 

INSERT INTO "MANUTENTORE" ("CODICE_FISCALE") VALUES ('MNMMSM91B02F839Y'); 

 

INSERT INTO "MANUTENTORE" ("CODICE_FISCALE") VALUES ('MNMFTN92C03F839Z'); 

 

INSERT INTO "MANUTENTORE" ("CODICE_FISCALE") VALUES ('MNMCRV93D04F839A'); 

 

INSERT INTO "MANUTENTORE" ("CODICE_FISCALE") VALUES ('MNMVRG94E05F839B'); 

 

 

-- AMMINISTRATORE 

 

INSERT INTO "AMMINISTRATORE" ("CODICE_FISCALE") VALUES ('BRNRCR05E11F839K'); 

 

INSERT INTO "AMMINISTRATORE" ("CODICE_FISCALE") VALUES ('AMDMRA80A01F839A'); 

 

INSERT INTO "AMMINISTRATORE" ("CODICE_FISCALE") VALUES ('AMDLCA81B02F839B'); 

 

INSERT INTO "AMMINISTRATORE" ("CODICE_FISCALE") VALUES ('AMDGRV82C03F839C'); 

 

INSERT INTO "AMMINISTRATORE" ("CODICE_FISCALE") VALUES ('AMDFNC83D04F839D'); 

 

INSERT INTO "AMMINISTRATORE" ("CODICE_FISCALE") VALUES ('AMDSTF84E05F839E'); 

 

INSERT INTO "AMMINISTRATORE" ("CODICE_FISCALE") VALUES ('AMDAST85F06F839F'); 

 

INSERT INTO "AMMINISTRATORE" ("CODICE_FISCALE") VALUES ('AMDNDR86G07F839G'); 

 

INSERT INTO "AMMINISTRATORE" ("CODICE_FISCALE") VALUES ('AMDMRE87H08F839H'); 

 

INSERT INTO "AMMINISTRATORE" ("CODICE_FISCALE") VALUES ('AMDGPP88I09F839I'); 

 

INSERT INTO "AMMINISTRATORE" ("CODICE_FISCALE") VALUES ('AMDATN89J10F839J'); 

 

INSERT INTO "AMMINISTRATORE" ("CODICE_FISCALE") VALUES ('AMDRBT90K11F839K'); 

 

INSERT INTO "AMMINISTRATORE" ("CODICE_FISCALE") VALUES ('AMDDRD91L12F839L'); 

 

INSERT INTO "AMMINISTRATORE" ("CODICE_FISCALE") VALUES ('AMDFBA92M13F839M'); 

 

INSERT INTO "AMMINISTRATORE" ("CODICE_FISCALE") VALUES ('AMDSMN93N14F839N'); 

 

 

-- FATTURA 

 

INSERT INTO "FATTURA" VALUES ('FATT/2026/015','PIRELLI','PIERO','ANGELA'); 

 

INSERT INTO "FATTURA" VALUES ('FATT/2026/016','MICHELIN','JEAN','TODT'); 

 

INSERT INTO "FATTURA" VALUES ('FATT/2026/017','BREMBO S.P.A.','STEFANO','DOMENICALI'); 

 

INSERT INTO "FATTURA" VALUES ('FATT/2026/018','SPARCO S.P.A.','MAURIZIO','ARRIVABENE'); 

 

INSERT INTO "FATTURA" VALUES ('FATT/2026/019','OMP RACING','ANTONIO','GIOVINAZZI'); 

 

INSERT INTO "FATTURA" VALUES ('FATT/2026/020','DELLORTO S.P.A.','FLAVIO','BRIATORE'); 

 

INSERT INTO "FATTURA" VALUES ('FATT/2026/021','BRP-ROTAX','ALBERTO','BOMBASSEI'); 

 

INSERT INTO "FATTURA" VALUES ('FATT/2026/022','ALPINESTARS','LUCA','CORBERI'); 

 

INSERT INTO "FATTURA" VALUES ('FATT/2026/023','ENI S.P.A.','MATTIA','BINOTTO'); 

 

INSERT INTO "FATTURA" VALUES ('FATT/2026/024','PAKELO LUBRICANTS','RENE','ARNOUX'); 

 

INSERT INTO "FATTURA" VALUES ('FATT/2026/025','MIMMO_KART','MIMMO','ROSSI'); 

 

INSERT INTO "FATTURA" VALUES ('FATT/2026/026','OFFICINA RETTIFICHE SUD','LUIGI','ESPOSITO'); 

 

INSERT INTO "FATTURA" VALUES ('FATT/2026/027','BLUE BAY RACING MOTORS','CARLO','VERDI'); 

 

INSERT INTO "FATTURA" VALUES ('FATT/2026/028','AUTOTECNICA VESUVIANA KART','ENZO','FERRARI'); 

 

INSERT INTO "FATTURA" VALUES ('FATT/2026/029','PADDOCK FLEGREO SERVICE','ALEX','ALBON'); 

 

 

-- DITTA 

 

INSERT INTO "DITTA" VALUES ('03433550170','MIMMO_KART','3763449677','PIAZZA GIOVANNI BOVIO','NAPOLI','8'); 

 

INSERT INTO "DITTA" VALUES ('05566778899','OFFICINA RETTIFICHE SUD','3341122339','Via Gianturco','Napoli','84'); 

 

INSERT INTO "DITTA" VALUES ('06677889900','BLUE BAY RACING MOTORS','3389988112','Via Posillipo','Napoli','210'); 

 

INSERT INTO "DITTA" VALUES ('07788990011','AUTOTECNICA VESUVIANA KART','3456677881','Via Nazionale','Torre del Greco','45'); 

 

INSERT INTO "DITTA" VALUES ('08899001122','PADDOCK FLEGREO SERVICE','3294455667','Via Campana','Pozzuoli','12'); 

 

INSERT INTO "DITTA" VALUES ('01122334455','VESUVIO SPARES','0815554433','Via dei Mille','Napoli','12'); 

 

INSERT INTO "DITTA" VALUES ('02233445566','FLEGREA MOTORI','0817778899','Via Solfatara','Pozzuoli','45'); 

 

INSERT INTO "DITTA" VALUES ('03344556677','KART RACING PARTS','0812223344','Corso Umberto','Napoli','101'); 

 

INSERT INTO "DITTA" VALUES ('04455667788','SUD COMPETIZIONI','0819998877','Via Nuova Marina','Napoli','5'); 

 

INSERT INTO "DITTA" VALUES ('05566778811','CHASSIS SERVICE','0823445566','Via Appia','Caserta','54'); 

 

INSERT INTO "DITTA" VALUES ('06677889922','RACING ENGINE S.R.L.','0818889911','Via Roma','Pompei','23'); 

 

INSERT INTO "DITTA" VALUES ('07788990033','TYRE ZONE KART','0813334455','Via Stadio','Agnano','7'); 

 

INSERT INTO "DITTA" VALUES ('08899001144','FAST BRAKES','0816667788','Via Toledo','Napoli','300'); 

 

INSERT INTO "DITTA" VALUES ('09900112255','TELEMETRY ADVANCED','0814445566','Via Chiaia','Napoli','15'); 

 

INSERT INTO "DITTA" VALUES ('01234567890','CARBON PARTS SUD','0811112233','Via Argine','Napoli','410'); 

 

 

-- KART 

 

INSERT INTO "KART" VALUES ('ZCKTONYKT26004321','KART-18','CRG CENTURION (4T)',270); 

 

INSERT INTO "KART" VALUES ('ZCKCRGCEN26000001','KART-01','CRG CENTURION (4T)',270); 

 

INSERT INTO "KART" VALUES ('ZCKCRGCEN26000002','KART-02','CRG CENTURION (4T)',270); 

 

INSERT INTO "KART" VALUES ('ZCKCRGCEN26000003','KART-03','CRG CENTURION (4T)',270); 

 

INSERT INTO "KART" VALUES ('ZCKCRGCEN26000004','KART-04','CRG CENTURION (4T)',270); 

 

INSERT INTO "KART" VALUES ('ZCKCRGCEN26000005','KART-05','CRG CENTURION (4T)',270); 

 

INSERT INTO "KART" VALUES ('ZCKCRGCEN26000006','KART-06','CRG CENTURION (4T)',270); 

 

INSERT INTO "KART" VALUES ('ZCKCRGCEN26000007','KART-07','CRG CENTURION (4T)',270); 

 

INSERT INTO "KART" VALUES ('ZCKCRGCEN26000008','KART-08','CRG CENTURION (4T)',270); 

 

INSERT INTO "KART" VALUES ('VFRSODIRT26000011','KART-09','SODI KART RT10 (4T)',390); 

 

INSERT INTO "KART" VALUES ('VFRSODIRT26000012','KART-10','SODI KART RT10 (4T)',390); 

 

INSERT INTO "KART" VALUES ('VFRSODIRT26000013','KART-11','SODI KART RT10 (4T)',390); 

 

INSERT INTO "KART" VALUES ('VFRSODIRT26000014','KART-12','SODI KART RT10 (4T)',390); 

 

INSERT INTO "KART" VALUES ('VFRSODIRT26000015','KART-13','SODI KART RT10 (4T)',390); 

 

INSERT INTO "KART" VALUES ('VFRSODIRT26000016','KART-14','SODI KART RT10 (4T)',390); 

 

INSERT INTO "KART" VALUES ('VFRSODIRT26000017','KART-15','SODI KART RT10 (4T)',390); 

 

INSERT INTO "KART" VALUES ('ZCKBIRELN26000021','KART-16','BIREL ART N35 (4T)',270); 

 

INSERT INTO "KART" VALUES ('ZCKBIRELN26000022','KART-17','BIREL ART N35 (4T)',270); 

 

INSERT INTO "KART" VALUES ('ZCKBIRELN26000023','KART-19','BIREL ART N35 (4T)',270); 

 

INSERT INTO "KART" VALUES ('ZCKTONYKT26000031','KART-20','TONY KART RACER ROTAX (2T)',125); 

 

INSERT INTO "KART" VALUES ('ZCKTONYKT26000032','KART-21','TONY KART RACER ROTAX (2T)',125); 

 

INSERT INTO "KART" VALUES ('ZCKTONYKT26000033','KART-22','TONY KART RACER ROTAX (2T)',125); 

 

INSERT INTO "KART" VALUES ('ZCKTONYKT26000034','KART-23','TONY KART RACER ROTAX (2T)',125); 

 

INSERT INTO "KART" VALUES ('ZCKTONYKT26000035','KART-24','TONY KART RACER ROTAX (2T)',125); 

 

INSERT INTO "KART" VALUES ('ZCKTONYKT26000036','KART-25','TONY KART RACER ROTAX (2T)',125); 

 

INSERT INTO "KART" VALUES ('ZCKCRGKT226000041','KART-26','CRG KT2 IAME X30 (2T)',125); 

 

INSERT INTO "KART" VALUES ('ZCKCRGKT226000042','KART-27','CRG KT2 IAME X30 (2T)',125); 

 

INSERT INTO "KART" VALUES ('ZCKCRGKT226000043','KART-28','CRG KT2 IAME X30 (2T)',125); 

 

INSERT INTO "KART" VALUES ('ZCKCRGKT226000044','KART-29','CRG KT2 IAME X30 (2T)',125); 

 

INSERT INTO "KART" VALUES ('ZCKCRGKT226000045','KART-30','CRG KT2 IAME X30 (2T)',125); 

 

 

-- INTERVENTO_RIPARAZIONE 

 

INSERT INTO "INTERVENTO_RIPARAZIONE" VALUES (1801,TO_DATE('20/05/2026','DD/MM/YYYY'),TO_DATE('23/05/2026','DD/MM/YYYY'),'09:00','12:30','difficoltà accensione', 'cambio candele',60.00,'FATT/2026/023','KART-18','ZCKTONYKT26004321','03433550170','RCCGNN04C31E054I'); 

 

INSERT INTO "INTERVENTO_RIPARAZIONE" VALUES (1401, TO_DATE('14/01/2026', 'DD/MM/YYYY'), TO_DATE('14/01/2026', 'DD/MM/YYYY'), '14:00', '16:00','sedile crepato a causa di un urto', 'sostituzione sedile in vetroresina taglia m', 85.00, 'FATT/2026/018', 'KART-03', 'ZCKCRGCEN26000003', '07788990011', 'RCCGNN04C31E054I'); 

 

INSERT INTO "INTERVENTO_RIPARAZIONE" VALUES (0703, TO_DATE('05/03/2026', 'DD/MM/YYYY'), TO_DATE('07/03/2026', 'DD/MM/YYYY'), '09:30', '11:00','perdita pressione impianto frenante posteriore', 'sostituzione guarnizioni pompa freno e liquido', 45.00, 'FATT/2026/017', 'KART-21', 'ZCKTONYKT26000032', '08899001122', 'RCCGNN04C31E054I'); 

 

INSERT INTO "INTERVENTO_RIPARAZIONE" VALUES (1807, TO_DATE('18/07/2026', 'DD/MM/YYYY'), TO_DATE('18/07/2026', 'DD/MM/YYYY'), '15:00', '16:30','pneumatici slick completamente usurati', 'cambio treno gomme da asciutto michelin', 150.00, 'FATT/2026/016', 'KART-10', 'VFRSODIRT26000012', '06677889900', 'RCCGNN04C31E054I'); 

 

INSERT INTO "INTERVENTO_RIPARAZIONE" VALUES (2209, TO_DATE('22/09/2026', 'DD/MM/YYYY'), TO_DATE('22/09/2026', 'DD/MM/YYYY'), '08:00', '09:15','rottura cavo acceleratore durante il noleggio', 'sostituzione cavo e guaina acceleratore standard', 25.00, 'FATT/2026/020', 'KART-12', 'VFRSODIRT26000014', '05566778899', 'RCCGNN04C31E054I'); 

 

INSERT INTO "INTERVENTO_RIPARAZIONE" VALUES (3001, TO_DATE('10/10/2026', 'DD/MM/YYYY'), TO_DATE('11/10/2026', 'DD/MM/YYYY'), '09:00', '11:30','problema carburatore', 'pulizia e guarnizioni spilli', 40.00, 'FATT/2026/025', 'KART-01', 'ZCKCRGCEN26000001', '03433550170', 'MNTMRA80A01F839O'); 

 

INSERT INTO "INTERVENTO_RIPARAZIONE" VALUES (3002, TO_DATE('12/10/2026', 'DD/MM/YYYY'), TO_DATE('12/10/2026', 'DD/MM/YYYY'), '14:00', '15:00','catena allentata', 'sostituzione catena passo 219', 35.00, 'FATT/2026/026', 'KART-02', 'ZCKCRGCEN26000002', '05566778899', 'MNTLCS81B02F839P'); 

 

INSERT INTO "INTERVENTO_RIPARAZIONE" VALUES (3003, TO_DATE('15/10/2026', 'DD/MM/YYYY'), TO_DATE('16/10/2026', 'DD/MM/YYYY'), '10:00', '12:00','disco freno storto', 'disco freno posteriore ventilato', 110.00, 'FATT/2026/027', 'KART-04', 'ZCKCRGCEN26000004', '06677889900', 'MNTGRV82C03F839Q'); 

 

INSERT INTO "INTERVENTO_RIPARAZIONE" VALUES (3004, TO_DATE('20/10/2026', 'DD/MM/YYYY'), TO_DATE('20/10/2026', 'DD/MM/YYYY'), '16:00', '17:30','corona usurata', 'corona ergal 82 denti', 30.00, 'FATT/2026/028', 'KART-05', 'ZCKCRGCEN26000005', '07788990011', 'MNTFNC83D04F839R'); 

 

INSERT INTO "INTERVENTO_RIPARAZIONE" VALUES (3005, TO_DATE('22/10/2026', 'DD/MM/YYYY'), TO_DATE('23/10/2026', 'DD/MM/YYYY'), '08:30', '10:30','frizione usurata', 'pacco frizione completo rotax', 190.00, 'FATT/2026/029', 'KART-20', 'ZCKTONYKT26000031', '08899001122', 'MNTSTF84E05F839S'); 

 

INSERT INTO "INTERVENTO_RIPARAZIONE" VALUES (3006, TO_DATE('25/10/2026', 'DD/MM/YYYY'), TO_DATE('25/10/2026', 'DD/MM/YYYY'), '11:00', '13:00','fusello destro storto', 'fusello racing 10mm dx', 65.00, 'FATT/2026/015', 'KART-06', 'ZCKCRGCEN26000006', '03433550170', 'MNTAST85F06F839T'); 

 

INSERT INTO "INTERVENTO_RIPARAZIONE" VALUES (3007, TO_DATE('28/10/2026', 'DD/MM/YYYY'), TO_DATE('29/10/2026', 'DD/MM/YYYY'), '14:30', '16:00','assale posteriore piegato', 'assale medio 50mm x 1020mm', 145.00, 'FATT/2026/016', 'KART-07', 'ZCKCRGCEN26000007', '05566778899', 'MNTNDR86G07F839U'); 

 

INSERT INTO "INTERVENTO_RIPARAZIONE" VALUES (3008, TO_DATE('02/11/2026', 'DD/MM/YYYY'), TO_DATE('02/11/2026', 'DD/MM/YYYY'), '09:00', '10:15','tirante sterzo rotto', 'coppia tiranti sterzo esagonali', 20.00, 'FATT/2026/017', 'KART-08', 'ZCKCRGCEN26000008', '06677889900', 'MNTMRE87H08F839V'); 

 

INSERT INTO "INTERVENTO_RIPARAZIONE" VALUES (3009, TO_DATE('05/11/2026', 'DD/MM/YYYY'), TO_DATE('05/11/2026', 'DD/MM/YYYY'), '15:00', '17:00','radiatore bucato', 'saldatura radiatore alluminio e liquido', 50.00, 'FATT/2026/018', 'KART-22', 'ZCKTONYKT26000033', '07788990011', 'MNTGPP88I09F839W'); 

 

INSERT INTO "INTERVENTO_RIPARAZIONE" VALUES (3010, TO_DATE('10/11/2026', 'DD/MM/YYYY'), TO_DATE('12/11/2026', 'DD/MM/YYYY'), '10:30', '12:30','pistone bloccato sbiellato', 'pistone completo e rettifica cilindro iame', 280.00, 'FATT/2026/019', 'KART-26', 'ZCKCRGKT226000041', '08899001122', 'MNMDNC90A01F839X'); 

 

 

-- PISTA 

 

INSERT INTO "PISTA" VALUES ('PULCINELLA_CIRCUIT',4500); 

 

INSERT INTO "PISTA" VALUES ('TAMBURRELLO_CIRCUIT',2350); 

 

INSERT INTO "PISTA" VALUES ('VULCANO_CIRCUIT',3250); 

 

INSERT INTO "PISTA" VALUES ('MONZA_KART_LINK',1200); 

 

INSERT INTO "PISTA" VALUES ('MUGELLO_KART_TRACK',1450); 

 

INSERT INTO "PISTA" VALUES ('IMOLA_CRADLE',1100); 

 

INSERT INTO "PISTA" VALUES ('SARNO_INTERNATIONAL',1550); 

 

INSERT INTO "PISTA" VALUES ('LONATO_SOUTH_GARDA',1250); 

 

INSERT INTO "PISTA" VALUES ('FRANCIACORTA_TRACK',1300); 

 

INSERT INTO "PISTA" VALUES ('CREMONA_CIRCUIT_K',1210); 

 

INSERT INTO "PISTA" VALUES ('SIENA_KART_WAY',1050); 

 

INSERT INTO "PISTA" VALUES ('VITERBO_RACETRACK',1320); 

 

INSERT INTO "PISTA" VALUES ('MISANO_K_ARENA',980); 

 

INSERT INTO "PISTA" VALUES ('VALLELUNGA_KART',1150); 

 

INSERT INTO "PISTA" VALUES ('ADRIA_RACE_WAY',1280); 

 

 

-- PACCHETTO_GARA 

 

INSERT INTO "PACCHETTO_GARA" VALUES ('TIME-ATTACK',20,25,3,'TAMBURRELLO_CIRCUIT'); 

 

INSERT INTO "PACCHETTO_GARA" VALUES ('POLE_POSITION_TICKET',30,35,6,'VULCANO_CIRCUIT'); 

 

INSERT INTO "PACCHETTO_GARA" VALUES ('FAST_AND_FURIOUS',40,45,6,'PULCINELLA_CIRCUIT'); 

 

INSERT INTO "PACCHETTO_GARA" VALUES ('GRAN_PREMIO_PODIUM',60,55,8,'PULCINELLA_CIRCUIT'); 

 

INSERT INTO "PACCHETTO_GARA" VALUES ('MONZA_SPEED_PASS',25,30,5,'MONZA_KART_LINK'); 

 

INSERT INTO "PACCHETTO_GARA" VALUES ('MUGELLO_CHALLENGE',35,40,6,'MUGELLO_KART_TRACK'); 

 

INSERT INTO "PACCHETTO_GARA" VALUES ('IMOLA_ENDURANCE',50,60,10,'IMOLA_CRADLE'); 

 

INSERT INTO "PACCHETTO_GARA" VALUES ('SARNO_PRO_TICKET',45,50,8,'SARNO_INTERNATIONAL'); 

 

INSERT INTO "PACCHETTO_GARA" VALUES ('LONATO_MASTER_CUP',30,42,6,'LONATO_SOUTH_GARDA'); 

 

INSERT INTO "PACCHETTO_GARA" VALUES ('FRANCIACORTA_RACE',40,48,6,'FRANCIACORTA_TRACK'); 

 

INSERT INTO "PACCHETTO_GARA" VALUES ('CREMONA_SPRINT',20,28,4,'CREMONA_CIRCUIT_K'); 

 

INSERT INTO "PACCHETTO_GARA" VALUES ('SIENA_QUALIFYING',30,32,6,'SIENA_KART_WAY'); 

 

INSERT INTO "PACCHETTO_GARA" VALUES ('VITERBO_EXTREME',60,70,12,'VITERBO_RACETRACK'); 

 

INSERT INTO "PACCHETTO_GARA" VALUES ('MISANO_NIGHT_RUN',45,52,8,'MISANO_K_ARENA'); 

 

INSERT INTO "PACCHETTO_GARA" VALUES ('VALLELUNGA_GOLD',35,45,6,'VALLELUNGA_KART'); 

 

 

-- GARA 

 

INSERT INTO "GARA" VALUES (TO_DATE('06/06/2026','DD/MM/YYYY'), '10:30', 'CAMPIONATO_ESTIVO', 'TAMBURRELLO_CIRCUIT'); 

 

INSERT INTO "GARA" VALUES (TO_DATE('12/06/2026','DD/MM/YYYY'), '18:00', NULL, 'VULCANO_CIRCUIT'); 

 

INSERT INTO "GARA" VALUES (TO_DATE('20/06/2026','DD/MM/YYYY'), '21:00', 'KARTING_NIGHT_CHAMP', 'PULCINELLA_CIRCUIT'); 

 

INSERT INTO "GARA" VALUES (TO_DATE('20/06/2026','DD/MM/YYYY'), '21:00', NULL, 'VULCANO_CIRCUIT'); 

 

INSERT INTO "GARA" VALUES (TO_DATE('20/06/2026','DD/MM/YYYY'), '21:15', NULL, 'TAMBURRELLO_CIRCUIT'); 

 

INSERT INTO "GARA" VALUES (TO_DATE('27/06/2026','DD/MM/YYYY'), '15:00', 'CAMPIONATO_ESTIVO', 'TAMBURRELLO_CIRCUIT'); 

 

INSERT INTO "GARA" VALUES (TO_DATE('04/07/2026','DD/MM/YYYY'), '11:30', 'LEGA_ARCOBALENO', 'VULCANO_CIRCUIT'); 

 

INSERT INTO "GARA" VALUES (TO_DATE('04/07/2026','DD/MM/YYYY'), '11:30', NULL, 'TAMBURRELLO_CIRCUIT'); 

 

INSERT INTO "GARA" VALUES (TO_DATE('04/07/2026','DD/MM/YYYY'), '12:00', NULL, 'PULCINELLA_CIRCUIT'); 

 

INSERT INTO "GARA" VALUES (TO_DATE('11/07/2026','DD/MM/YYYY'), '19:00', NULL, 'PULCINELLA_CIRCUIT'); 

 

INSERT INTO "GARA" VALUES (TO_DATE('18/07/2026','DD/MM/YYYY'), '09:30', 'CAMPIONATO_ESTIVO', 'TAMBURRELLO_CIRCUIT'); 

 

INSERT INTO "GARA" VALUES (TO_DATE('29/07/2026','DD/MM/YYYY'), '21:30', NULL, 'VULCANO_CIRCUIT'); 

 

INSERT INTO "GARA" VALUES (TO_DATE('08/08/2026','DD/MM/YYYY'), '17:30', NULL, 'PULCINELLA_CIRCUIT'); 

 

INSERT INTO "GARA" VALUES (TO_DATE('22/08/2026','DD/MM/YYYY'), '22:00', 'KARTING_NIGHT_CHAMP', 'TAMBURRELLO_CIRCUIT'); 

 

INSERT INTO "GARA" VALUES (TO_DATE('05/09/2026','DD/MM/YYYY'), '14:00', NULL, 'VULCANO_CIRCUIT'); 

 

INSERT INTO "GARA" VALUES (TO_DATE('05/09/2026','DD/MM/YYYY'), '14:00', 'COPPA_AUTUNNO', 'TAMBURRELLO_CIRCUIT'); 

 

INSERT INTO "GARA" VALUES (TO_DATE('05/09/2026','DD/MM/YYYY'), '14:30', NULL, 'PULCINELLA_CIRCUIT'); 

 

INSERT INTO "GARA" VALUES (TO_DATE('12/09/2026','DD/MM/YYYY'), '10:30', 'ROOKIE_CHAMPIONSHIP', 'PULCINELLA_CIRCUIT'); 

 

INSERT INTO "GARA" VALUES (TO_DATE('15/09/2026','DD/MM/YYYY'), '16:30', NULL, 'TAMBURRELLO_CIRCUIT'); 

 

INSERT INTO "GARA" VALUES (TO_DATE('23/09/2026','DD/MM/YYYY'), '16:00', NULL, 'TAMBURRELLO_CIRCUIT'); 

 

INSERT INTO "GARA" VALUES (TO_DATE('03/10/2026','DD/MM/YYYY'), '11:00', 'ROOKIE_CHAMPIONSHIP', 'VULCANO_CIRCUIT'); 

 

INSERT INTO "GARA" VALUES (TO_DATE('14/10/2026','DD/MM/YYYY'), '19:00', NULL, 'PULCINELLA_CIRCUIT'); 

 

INSERT INTO "GARA" VALUES (TO_DATE('24/10/2026','DD/MM/YYYY'), '15:30', NULL, 'TAMBURRELLO_CIRCUIT'); 

 

INSERT INTO "GARA" VALUES (TO_DATE('31/10/2026','DD/MM/YYYY'), '20:30', 'HALLOWEEN_ENDURANCE', 'VULCANO_CIRCUIT'); 

 

INSERT INTO "GARA" VALUES (TO_DATE('07/11/2026','DD/MM/YYYY'), '14:00', NULL, 'PULCINELLA_CIRCUIT'); 

 

INSERT INTO "GARA" VALUES (TO_DATE('14/11/2026','DD/MM/YYYY'), '10:00', 'WINTER_CUP', 'TAMBURRELLO_CIRCUIT'); 

 

INSERT INTO "GARA" VALUES (TO_DATE('14/11/2026','DD/MM/YYYY'), '10:00', NULL, 'VULCANO_CIRCUIT'); 

 

INSERT INTO "GARA" VALUES (TO_DATE('14/11/2026','DD/MM/YYYY'), '10:15', NULL, 'PULCINELLA_CIRCUIT'); 

 

INSERT INTO "GARA" VALUES (TO_DATE('20/11/2026','DD/MM/YYYY'), '16:30', NULL, 'VULCANO_CIRCUIT'); 

 

INSERT INTO "GARA" VALUES (TO_DATE('28/11/2026','DD/MM/YYYY'), '18:00', NULL, 'PULCINELLA_CIRCUIT'); 

 

INSERT INTO "GARA" VALUES (TO_DATE('05/12/2026','DD/MM/YYYY'), '21:00', 'WINTER_CUP', 'TAMBURRELLO_CIRCUIT'); 

 

INSERT INTO "GARA" VALUES (TO_DATE('09/12/2026','DD/MM/YYYY'), '11:30', NULL, 'VULCANO_CIRCUIT'); 

 

INSERT INTO "GARA" VALUES (TO_DATE('12/12/2026','DD/MM/YYYY'), '15:00', 'SFIDA_COLLEGIATE', 'PULCINELLA_CIRCUIT'); 

 

INSERT INTO "GARA" VALUES (TO_DATE('12/12/2026','DD/MM/YYYY'), '15:00', 'TROFEO_NATALE', 'TAMBURRELLO_CIRCUIT'); 

 

INSERT INTO "GARA" VALUES (TO_DATE('12/12/2026','DD/MM/YYYY'), '15:00', NULL, 'VULCANO_CIRCUIT'); 

 

INSERT INTO "GARA" VALUES (TO_DATE('19/12/2026','DD/MM/YYYY'), '10:30', 'WINTER_CUP', 'TAMBURRELLO_CIRCUIT'); 

 

INSERT INTO "GARA" VALUES (TO_DATE('22/12/2026','DD/MM/YYYY'), '17:00', NULL, 'VULCANO_CIRCUIT'); 

 

INSERT INTO "GARA" VALUES (TO_DATE('27/12/2026','DD/MM/YYYY'), '19:30', NULL, 'PULCINELLA_CIRCUIT'); 

 

INSERT INTO "GARA" VALUES (TO_DATE('29/12/2026','DD/MM/YYYY'), '21:30', 'PRO_SPEED_LEAGUE', 'TAMBURRELLO_CIRCUIT'); 

 

INSERT INTO "GARA" VALUES (TO_DATE('30/12/2026','DD/MM/YYYY'), '16:00', NULL, 'VULCANO_CIRCUIT'); 

 

INSERT INTO "GARA" VALUES (TO_DATE('05/10/2026','DD/MM/YYYY'), '10:00', NULL, 'MONZA_KART_LINK'); 

 

INSERT INTO "GARA" VALUES (TO_DATE('06/10/2026','DD/MM/YYYY'), '11:00', NULL, 'MUGELLO_KART_TRACK'); 

 

INSERT INTO "GARA" VALUES (TO_DATE('07/10/2026','DD/MM/YYYY'), '15:00', NULL, 'IMOLA_CRADLE'); 

 

INSERT INTO "GARA" VALUES (TO_DATE('08/10/2026','DD/MM/YYYY'), '16:00', NULL, 'SARNO_INTERNATIONAL'); 

 

INSERT INTO "GARA" VALUES (TO_DATE('09/10/2026','DD/MM/YYYY'), '10:30', NULL, 'LONATO_SOUTH_GARDA'); 

 

INSERT INTO "GARA" VALUES (TO_DATE('10/10/2026','DD/MM/YYYY'), '14:00', NULL, 'FRANCIACORTA_TRACK'); 

 

INSERT INTO "GARA" VALUES (TO_DATE('11/10/2026','DD/MM/YYYY'), '09:00', NULL, 'CREMONA_CIRCUIT_K'); 

 

INSERT INTO "GARA" VALUES (TO_DATE('12/10/2026','DD/MM/YYYY'), '15:30', NULL, 'SIENA_KART_WAY'); 

 

INSERT INTO "GARA" VALUES (TO_DATE('13/10/2026','DD/MM/YYYY'), '18:00', NULL, 'VITERBO_RACETRACK'); 

 

INSERT INTO "GARA" VALUES (TO_DATE('14/10/2026','DD/MM/YYYY'), '21:00', NULL, 'MISANO_K_ARENA'); 

 

INSERT INTO "GARA" VALUES (TO_DATE('15/10/2026','DD/MM/YYYY'), '16:30', NULL, 'VALLELUNGA_KART'); 

 

 

-- EQUIPAGGIAMENTO 

 

INSERT INTO "EQUIPAGGIAMENTO" VALUES ('800CASCO000S1', 'CASCO', 'ARAI SK-6', 'S'); 

 

INSERT INTO "EQUIPAGGIAMENTO" VALUES ('800CASCO000S2', 'CASCO', 'BELL RS7', 'S'); 

 

INSERT INTO "EQUIPAGGIAMENTO" VALUES ('800CASCO000S3', 'CASCO', 'STILO ST5', 'S'); 

 

INSERT INTO "EQUIPAGGIAMENTO" VALUES ('800CASCO000S4', 'CASCO', 'SHOEI X-SPR', 'S'); 

 

INSERT INTO "EQUIPAGGIAMENTO" VALUES ('800CASCO000S5', 'CASCO', 'AGV PISTA', 'S'); 

 

INSERT INTO "EQUIPAGGIAMENTO" VALUES ('800CASCO000M1', 'CASCO', 'ARAI SK-6', 'M'); 

 

INSERT INTO "EQUIPAGGIAMENTO" VALUES ('800CASCO000M2', 'CASCO', 'BELL RS7', 'M'); 

 

INSERT INTO "EQUIPAGGIAMENTO" VALUES ('800CASCO000M3', 'CASCO', 'STILO ST5', 'M'); 

 

INSERT INTO "EQUIPAGGIAMENTO" VALUES ('800CASCO000M4', 'CASCO', 'SHOEI X-SPR', 'M'); 

 

INSERT INTO "EQUIPAGGIAMENTO" VALUES ('800CASCO000M5', 'CASCO', 'AGV PISTA', 'M'); 

 

INSERT INTO "EQUIPAGGIAMENTO" VALUES ('800CASCO000L1', 'CASCO', 'ARAI SK-6', 'L'); 

 

INSERT INTO "EQUIPAGGIAMENTO" VALUES ('800CASCO000L2', 'CASCO', 'BELL RS7', 'L'); 

 

INSERT INTO "EQUIPAGGIAMENTO" VALUES ('800CASCO000L3', 'CASCO', 'STILO ST5', 'L'); 

 

INSERT INTO "EQUIPAGGIAMENTO" VALUES ('800CASCO000L4', 'CASCO', 'SHOEI X-SPR', 'L'); 

 

INSERT INTO "EQUIPAGGIAMENTO" VALUES ('800CASCO000L5', 'CASCO', 'AGV PISTA', 'L'); 

 

INSERT INTO "EQUIPAGGIAMENTO" VALUES ('800TUTA0000S1', 'TUTA', 'SPARCO PRIME', 'S'); 

 

INSERT INTO "EQUIPAGGIAMENTO" VALUES ('800TUTA0000S2', 'TUTA', 'OMP ONE EVO', 'S'); 

 

INSERT INTO "EQUIPAGGIAMENTO" VALUES ('800TUTA0000S3', 'TUTA', 'ALPINESTARS', 'S'); 

 

INSERT INTO "EQUIPAGGIAMENTO" VALUES ('800TUTA0000S4', 'TUTA', 'FREE-M', 'S'); 

 

INSERT INTO "EQUIPAGGIAMENTO" VALUES ('800TUTA0000S5', 'TUTA', 'MIR RACING', 'S'); 

 

INSERT INTO "EQUIPAGGIAMENTO" VALUES ('800TUTA0000M1', 'TUTA', 'SPARCO PRIME', 'M'); 

 

INSERT INTO "EQUIPAGGIAMENTO" VALUES ('800TUTA0000M2', 'TUTA', 'OMP ONE EVO', 'M'); 

 

INSERT INTO "EQUIPAGGIAMENTO" VALUES ('800TUTA0000M3', 'TUTA', 'ALPINESTARS', 'M'); 

 

INSERT INTO "EQUIPAGGIAMENTO" VALUES ('800TUTA0000M4', 'TUTA', 'FREE-M', 'M'); 

 

INSERT INTO "EQUIPAGGIAMENTO" VALUES ('800TUTA0000M5', 'TUTA', 'MIR RACING', 'M'); 

 

INSERT INTO "EQUIPAGGIAMENTO" VALUES ('800TUTA0000L1', 'TUTA', 'SPARCO PRIME', 'L'); 

 

INSERT INTO "EQUIPAGGIAMENTO" VALUES ('800TUTA0000L2', 'TUTA', 'OMP ONE EVO', 'L'); 

 

INSERT INTO "EQUIPAGGIAMENTO" VALUES ('800TUTA0000L3', 'TUTA', 'ALPINESTARS', 'L'); 

 

INSERT INTO "EQUIPAGGIAMENTO" VALUES ('800TUTA0000L4', 'TUTA', 'FREE-M', 'L'); 

 

INSERT INTO "EQUIPAGGIAMENTO" VALUES ('800TUTA0000L5', 'TUTA', 'MIR RACING', 'L'); 

 

INSERT INTO "EQUIPAGGIAMENTO" VALUES ('800GUAN0000S1', 'GUANTI', 'SPARCO ARROW', 'S'); 

 

INSERT INTO "EQUIPAGGIAMENTO" VALUES ('800GUAN0000S2', 'GUANTI', 'OMP KS-1', 'S'); 

 

INSERT INTO "EQUIPAGGIAMENTO" VALUES ('800GUAN0000S3', 'GUANTI', 'ALPINESTARS', 'S'); 

 

INSERT INTO "EQUIPAGGIAMENTO" VALUES ('800GUAN0000S4', 'GUANTI', 'FREE-M', 'S'); 

 

INSERT INTO "EQUIPAGGIAMENTO" VALUES ('800GUAN0000S5', 'GUANTI', 'MINUS 273', 'S'); 

 

INSERT INTO "EQUIPAGGIAMENTO" VALUES ('800GUAN0000M1', 'GUANTI', 'SPARCO ARROW', 'M'); 

 

INSERT INTO "EQUIPAGGIAMENTO" VALUES ('800GUAN0000M2', 'GUANTI', 'OMP KS-1', 'M'); 

 

INSERT INTO "EQUIPAGGIAMENTO" VALUES ('800GUAN0000M3', 'GUANTI', 'ALPINESTARS', 'M'); 

 

INSERT INTO "EQUIPAGGIAMENTO" VALUES ('800GUAN0000M4', 'GUANTI', 'FREE-M', 'M'); 

 

INSERT INTO "EQUIPAGGIAMENTO" VALUES ('800GUAN0000M5', 'GUANTI', 'MINUS 273', 'M'); 

 

INSERT INTO "EQUIPAGGIAMENTO" VALUES ('800GUAN0000L1', 'GUANTI', 'SPARCO ARROW', 'L'); 

 

INSERT INTO "EQUIPAGGIAMENTO" VALUES ('800GUAN0000L2', 'GUANTI', 'OMP KS-1', 'L'); 

 

INSERT INTO "EQUIPAGGIAMENTO" VALUES ('800GUAN0000L3', 'GUANTI', 'ALPINESTARS', 'L'); 

 

INSERT INTO "EQUIPAGGIAMENTO" VALUES ('800GUAN0000L4', 'GUANTI', 'FREE-M', 'L'); 

 

INSERT INTO "EQUIPAGGIAMENTO" VALUES ('800GUAN0000L5', 'GUANTI', 'MINUS 273', 'L'); 

 

 

-- TEAM 

 

INSERT INTO "TEAM" VALUES ('MCLAREN', 'WOKING', 'INFO@MCLAREN.COM'); 

 

INSERT INTO "TEAM" VALUES ('MERCEDES AMG', 'BRACKLEY', 'INFO@MERCEDES.COM'); 

 

INSERT INTO "TEAM" VALUES ('SCUDERIA FERRARI', 'MARANELLO', 'INFO@FERRARI.COM'); 

 

INSERT INTO "TEAM" VALUES ('RED BULL RACING', 'MILTON KEYNES', 'INFO@REDBULL.COM'); 

 

INSERT INTO "TEAM" VALUES ('ASTON MARTIN', 'SILVERSTONE', 'INFO@ASTONMARTIN.COM'); 

 

INSERT INTO "TEAM" VALUES ('ALPINE', 'ENSTONE', 'INFO@ALPINE.COM'); 

 

INSERT INTO "TEAM" VALUES ('RACING BULLS', 'FAENZA', 'INFO@RACINGBULLS.COM'); 

 

INSERT INTO "TEAM" VALUES ('HAAS', 'KANNAPOLIS', 'INFO@HAAS.COM'); 

 

INSERT INTO "TEAM" VALUES ('AUDI', 'NEUBURG', 'INFO@AUDI.COM'); 

 

INSERT INTO "TEAM" VALUES ('WILLIAMS', 'GROVE', 'INFO@WILLIAMS.COM'); 

 

INSERT INTO "TEAM" VALUES ('CADILLAC', 'DETROIT', 'INFO@CADILLAC.COM'); 

 

INSERT INTO "TEAM" VALUES ('SAUBER', 'HINWIL', 'INFO@SAUBER.COM'); 

 

INSERT INTO "TEAM" VALUES ('PORSCHE KART', 'STUTTGART', 'INFO@PORSCHE.COM'); 

 

INSERT INTO "TEAM" VALUES ('LAMBORGHINI CORSE', 'SANT_AGATA', 'INFO@LAMBORGHINI.COM'); 

 

INSERT INTO "TEAM" VALUES ('RENAULT SPORT', 'VIRY_CHATILLON', 'INFO@RENAULT.COM'); 

 

 

-- PILOTA 

 

INSERT INTO "PILOTA" VALUES ('FIA-NOR-04', 'LANDO', 'NORRIS', 68, 'PRO', TO_DATE('13/11/1999', 'DD/MM/YYYY')); 

 

INSERT INTO "PILOTA" VALUES ('FIA-PIA-81', 'OSCAR', 'PIASTRI', 68, 'PRO', TO_DATE('06/04/2001', 'DD/MM/YYYY')); 

 

INSERT INTO "PILOTA" VALUES ('FIA-RUS-63', 'GEORGE', 'RUSSELL', 73, 'PRO', TO_DATE('15/02/1998', 'DD/MM/YYYY')); 

 

INSERT INTO "PILOTA" VALUES ('FIA-ANT-12', 'ANDREA KIMI', 'ANTONELLI', 65, 'PRO', TO_DATE('25/08/2006', 'DD/MM/YYYY')); 

 

INSERT INTO "PILOTA" VALUES ('FIA-LEC-16', 'CHARLES', 'LECLERC', 69, 'PRO', TO_DATE('16/10/1997', 'DD/MM/YYYY')); 

 

INSERT INTO "PILOTA" VALUES ('FIA-HAM-44', 'LEWIS', 'HAMILTON', 73, 'PRO', TO_DATE('07/01/1985', 'DD/MM/YYYY')); 

 

INSERT INTO "PILOTA" VALUES ('FIA-VER-01', 'MAX', 'VERSTAPPEN', 72, 'PRO', TO_DATE('30/09/1997', 'DD/MM/YYYY')); 

 

INSERT INTO "PILOTA" VALUES ('FIA-HAD-30', 'ISACK', 'HADJAR', 66, 'PRO', TO_DATE('28/09/2004', 'DD/MM/YYYY')); 

 

INSERT INTO "PILOTA" VALUES ('FIA-ALO-14', 'FERNANDO', 'ALONSO', 68, 'PRO', TO_DATE('29/07/1981', 'DD/MM/YYYY')); 

 

INSERT INTO "PILOTA" VALUES ('FIA-STR-18', 'LANCE', 'STROLL', 70, 'PRO', TO_DATE('29/10/1998', 'DD/MM/YYYY')); 

 

INSERT INTO "PILOTA" VALUES ('FIA-GAS-10', 'PIERRE', 'GASLY', 70, 'PRO', TO_DATE('07/02/1996', 'DD/MM/YYYY')); 

 

INSERT INTO "PILOTA" VALUES ('FIA-COL-43', 'FRANCO', 'COLAPINTO', 68, 'PRO', TO_DATE('27/05/2003', 'DD/MM/YYYY')); 

 

INSERT INTO "PILOTA" VALUES ('FIA-LAW-40', 'LIAM', 'LAWSON', 68, 'PRO', TO_DATE('11/02/2002', 'DD/MM/YYYY')); 

 

INSERT INTO "PILOTA" VALUES ('FIA-LIN-15', 'ARVID', 'LINDBLAD', 64, 'PRO', TO_DATE('08/08/2007', 'DD/MM/YYYY')); 

 

INSERT INTO "PILOTA" VALUES ('FIA-OCO-31', 'ESTEBAN', 'OCON', 66, 'PRO', TO_DATE('17/09/1996', 'DD/MM/YYYY')); 

 

INSERT INTO "PILOTA" VALUES ('FIA-BEA-87', 'OLIVER', 'BEARMAN', 67, 'PRO', TO_DATE('08/05/2005', 'DD/MM/YYYY')); 

 

INSERT INTO "PILOTA" VALUES ('FIA-HUL-27', 'NICO', 'HULKENBERG', 78, 'PRO', TO_DATE('19/08/1987', 'DD/MM/YYYY')); 

 

INSERT INTO "PILOTA" VALUES ('FIA-BOR-05', 'GABRIEL', 'BORTOLETO', 69, 'PRO', TO_DATE('14/10/2004', 'DD/MM/YYYY')); 

 

INSERT INTO "PILOTA" VALUES ('FIA-ALB-23', 'ALEXANDER', 'ALBON', 73, 'PRO', TO_DATE('23/03/1996', 'DD/MM/YYYY')); 

 

INSERT INTO "PILOTA" VALUES ('FIA-SAI-55', 'CARLOS', 'SAINZ JR.', 70, 'PRO', TO_DATE('01/09/1994', 'DD/MM/YYYY')); 

 

INSERT INTO "PILOTA" VALUES ('FIA-PER-11', 'SERGIO', 'PEREZ', 63, 'PRO', TO_DATE('26/01/1990', 'DD/MM/YYYY')); 

 

INSERT INTO "PILOTA" VALUES ('FIA-BOT-77', 'VALTTERI', 'BOTTAS', 69, 'PRO', TO_DATE('28/08/1989', 'DD/MM/YYYY')); 

 

 

-- INGAGGIA 

 

INSERT INTO "INGAGGIA" VALUES ('FIA-HAM-44', 'SCUDERIA FERRARI', 2026); 

 

INSERT INTO "INGAGGIA" VALUES ('FIA-HAM-44', 'MERCEDES AMG', 2025); 

 

INSERT INTO "INGAGGIA" VALUES ('FIA-SAI-55', 'WILLIAMS', 2026); 

 

INSERT INTO "INGAGGIA" VALUES ('FIA-SAI-55', 'SCUDERIA FERRARI', 2025); 

 

INSERT INTO "INGAGGIA" VALUES ('FIA-NOR-04', 'MCLAREN', 2026); 

 

INSERT INTO "INGAGGIA" VALUES ('FIA-PIA-81', 'MCLAREN', 2026); 

 

INSERT INTO "INGAGGIA" VALUES ('FIA-RUS-63', 'MERCEDES AMG', 2026); 

 

INSERT INTO "INGAGGIA" VALUES ('FIA-ANT-12', 'MERCEDES AMG', 2026); 

 

INSERT INTO "INGAGGIA" VALUES ('FIA-LEC-16', 'SCUDERIA FERRARI', 2026); 

 

INSERT INTO "INGAGGIA" VALUES ('FIA-VER-01', 'RED BULL RACING', 2026); 

 

INSERT INTO "INGAGGIA" VALUES ('FIA-HAD-30', 'RED BULL RACING', 2026); 

 

INSERT INTO "INGAGGIA" VALUES ('FIA-ALO-14', 'ASTON MARTIN', 2026); 

 

INSERT INTO "INGAGGIA" VALUES ('FIA-STR-18', 'ASTON MARTIN', 2026); 

 

INSERT INTO "INGAGGIA" VALUES ('FIA-GAS-10', 'ALPINE', 2026); 

 

INSERT INTO "INGAGGIA" VALUES ('FIA-COL-43', 'ALPINE', 2026); 

 

INSERT INTO "INGAGGIA" VALUES ('FIA-LAW-40', 'RACING BULLS', 2026); 

 

INSERT INTO "INGAGGIA" VALUES ('FIA-LIN-15', 'RACING BULLS', 2026); 

 

INSERT INTO "INGAGGIA" VALUES ('FIA-OCO-31', 'HAAS', 2026); 

 

INSERT INTO "INGAGGIA" VALUES ('FIA-BEA-87', 'HAAS', 2026); 

 

INSERT INTO "INGAGGIA" VALUES ('FIA-HUL-27', 'AUDI', 2026); 

 

INSERT INTO "INGAGGIA" VALUES ('FIA-BOR-05', 'AUDI', 2026); 

 

INSERT INTO "INGAGGIA" VALUES ('FIA-ALB-23', 'WILLIAMS', 2026); 

 

INSERT INTO "INGAGGIA" VALUES ('FIA-PER-11', 'CADILLAC', 2026); 

 

INSERT INTO "INGAGGIA" VALUES ('FIA-BOT-77', 'CADILLAC', 2026); 

 

-- UTENTE 

 

INSERT INTO "UTENTE" VALUES ('3347492105','FERNANDO','ROSSI'); 

 

INSERT INTO "UTENTE" VALUES ('3201458796','MARCO','VERDI'); 

 

INSERT INTO "UTENTE" VALUES ('3336541278','GIULIA','BIANCHI'); 

 

INSERT INTO "UTENTE" VALUES ('3479852143','ALESSANDRO','FERRARI'); 

 

INSERT INTO "UTENTE" VALUES ('3398745126','FRANCESCA','ESPOSITO'); 

 

INSERT INTO "UTENTE" VALUES ('3284512963','MATTEO','ROMANO'); 

 

INSERT INTO "UTENTE" VALUES ('3407519328','ELENA','GENTILE'); 

 

INSERT INTO "UTENTE" VALUES ('3351594837','FEDERICO','COSTA'); 

 

INSERT INTO "UTENTE" VALUES ('3496281745','CHIARA','MARINI'); 

 

INSERT INTO "UTENTE" VALUES ('3273149586','RICCARDO','MORETTI'); 

 

INSERT INTO "UTENTE" VALUES ('3318529637','SILVIA','RICCI'); 

 

INSERT INTO "UTENTE" VALUES ('3451234567','DAVIDE','BRUNO'); 

 

INSERT INTO "UTENTE" VALUES ('3389876543','MARTINA','MAZZA'); 

 

INSERT INTO "UTENTE" VALUES ('3297418529','SIMONE','BARBIERI'); 

 

INSERT INTO "UTENTE" VALUES ('3463692581','SARA','GRECO'); 

 

INSERT INTO "UTENTE" VALUES ('3341239874','ANTONIO','LOMBARDI'); 

 

INSERT INTO "UTENTE" VALUES ('3209517463','GIORGIA','FINI'); 

 

INSERT INTO "UTENTE" VALUES ('3337894561','FABIO','DE LUCA'); 

 

INSERT INTO "UTENTE" VALUES ('3481592637','ALICE','MANCINI'); 

 

INSERT INTO "UTENTE" VALUES ('3393571592','GABRIELE','RIVA'); 

 

INSERT INTO "UTENTE" VALUES ('3284628193','VALENTINA','GALLI'); 

 

INSERT INTO "UTENTE" VALUES ('3401928374','STEFANO','CONTE'); 

 

INSERT INTO "UTENTE" VALUES ('3359871234','BEATRICE','SERRA'); 

 

-- AFFITTA 

 

INSERT INTO "AFFITTA" VALUES ('3201458796', 'ZCKCRGCEN26000002', 'KART-02'); 

 

INSERT INTO "AFFITTA" VALUES ('3336541278', 'ZCKCRGCEN26000003', 'KART-03'); 

 

INSERT INTO "AFFITTA" VALUES ('3479852143', 'ZCKCRGCEN26000004', 'KART-04'); 

 

INSERT INTO "AFFITTA" VALUES ('3398745126', 'ZCKCRGCEN26000005', 'KART-05'); 

 

INSERT INTO "AFFITTA" VALUES ('3496281745', 'ZCKCRGCEN26000006', 'KART-06'); 

 

INSERT INTO "AFFITTA" VALUES ('3273149586', 'ZCKCRGCEN26000007', 'KART-07'); 

 

INSERT INTO "AFFITTA" VALUES ('3318529637', 'ZCKCRGCEN26000008', 'KART-08'); 

 

INSERT INTO "AFFITTA" VALUES ('3451234567', 'VFRSODIRT26000011', 'KART-09'); 

 

INSERT INTO "AFFITTA" VALUES ('3389876543', 'VFRSODIRT26000012', 'KART-10'); 

 

INSERT INTO "AFFITTA" VALUES ('3209517463', 'VFRSODIRT26000013', 'KART-11'); 

 

INSERT INTO "AFFITTA" VALUES ('3337894561', 'VFRSODIRT26000014', 'KART-12'); 

 

INSERT INTO "AFFITTA" VALUES ('3481592637', 'VFRSODIRT26000015', 'KART-13'); 

 

INSERT INTO "AFFITTA" VALUES ('3393571592', 'VFRSODIRT26000016', 'KART-14'); 

 

INSERT INTO "AFFITTA" VALUES ('3284628193', 'VFRSODIRT26000017', 'KART-15'); 

 

INSERT INTO "AFFITTA" VALUES ('3284512963', 'ZCKCRGCEN26000001', 'KART-01'); 

 

INSERT INTO "AFFITTA" VALUES ('3407519328', 'ZCKCRGCEN26000002', 'KART-02'); 

 

INSERT INTO "AFFITTA" VALUES ('3351594837', 'ZCKCRGCEN26000003', 'KART-03'); 

 

INSERT INTO "AFFITTA" VALUES ('3297418529', 'ZCKCRGCEN26000004', 'KART-04'); 

 

INSERT INTO "AFFITTA" VALUES ('3463692581', 'ZCKCRGCEN26000005', 'KART-05'); 

 

INSERT INTO "AFFITTA" VALUES ('3341239874', 'ZCKCRGCEN26000006', 'KART-06'); 

 

INSERT INTO "AFFITTA" VALUES ('3401928374', 'ZCKCRGCEN26000007', 'KART-07'); 

 

INSERT INTO "AFFITTA" VALUES ('3359871234', 'ZCKCRGCEN26000008', 'KART-08'); 

 

INSERT INTO "AFFITTA" VALUES ('3347492105', 'ZCKCRGCEN26000001', 'KART-01'); 

 

 

-- RICHIEDE 

 

INSERT INTO "RICHIEDE" VALUES ('3209517463', '800GUAN0000L1', TO_DATE('12/06/2026', 'DD/MM/YYYY'), '18:00'); 

 

INSERT INTO "RICHIEDE" VALUES ('3337894561', '800CASCO000L2', TO_DATE('12/06/2026', 'DD/MM/YYYY'), '18:00'); 

 

INSERT INTO "RICHIEDE" VALUES ('3337894561', '800TUTA0000L2', TO_DATE('12/06/2026', 'DD/MM/YYYY'), '18:00'); 

 

INSERT INTO "RICHIEDE" VALUES ('3337894561', '800GUAN0000L2', TO_DATE('12/06/2026', 'DD/MM/YYYY'), '18:00'); 

 

INSERT INTO "RICHIEDE" VALUES ('3481592637', '800CASCO000L3', TO_DATE('12/06/2026', 'DD/MM/YYYY'), '18:00'); 

 

INSERT INTO "RICHIEDE" VALUES ('3481592637', '800TUTA0000L3', TO_DATE('12/06/2026', 'DD/MM/YYYY'), '18:00'); 

 

INSERT INTO "RICHIEDE" VALUES ('3481592637', '800GUAN0000L3', TO_DATE('12/06/2026', 'DD/MM/YYYY'), '18:00'); 

 

INSERT INTO "RICHIEDE" VALUES ('3393571592', '800CASCO000L4', TO_DATE('12/06/2026', 'DD/MM/YYYY'), '18:00'); 

 

INSERT INTO "RICHIEDE" VALUES ('3393571592', '800TUTA0000L4', TO_DATE('12/06/2026', 'DD/MM/YYYY'), '18:00'); 

 

INSERT INTO "RICHIEDE" VALUES ('3393571592', '800GUAN0000L4', TO_DATE('12/06/2026', 'DD/MM/YYYY'), '18:00'); 

 

INSERT INTO "RICHIEDE" VALUES ('3284628193', '800CASCO000L5', TO_DATE('12/06/2026', 'DD/MM/YYYY'), '18:00'); 

 

INSERT INTO "RICHIEDE" VALUES ('3284628193', '800TUTA0000L5', TO_DATE('12/06/2026', 'DD/MM/YYYY'), '18:00'); 

 

INSERT INTO "RICHIEDE" VALUES ('3284628193', '800GUAN0000L5', TO_DATE('12/06/2026', 'DD/MM/YYYY'), '18:00'); 

 

INSERT INTO "RICHIEDE" VALUES ('3284512963', '800CASCO000S1', TO_DATE('20/06/2026', 'DD/MM/YYYY'), '21:00'); 

 

INSERT INTO "RICHIEDE" VALUES ('3284512963', '800TUTA0000S1', TO_DATE('20/06/2026', 'DD/MM/YYYY'), '21:00'); 

 

INSERT INTO "RICHIEDE" VALUES ('3284512963', '800GUAN0000S1', TO_DATE('20/06/2026', 'DD/MM/YYYY'), '21:00'); 

 

INSERT INTO "RICHIEDE" VALUES ('3407519328', '800CASCO000S2', TO_DATE('20/06/2026', 'DD/MM/YYYY'), '21:00'); 

 

INSERT INTO "RICHIEDE" VALUES ('3407519328', '800TUTA0000S2', TO_DATE('20/06/2026', 'DD/MM/YYYY'), '21:00'); 

 

INSERT INTO "RICHIEDE" VALUES ('3407519328', '800GUAN0000S2', TO_DATE('20/06/2026', 'DD/MM/YYYY'), '21:00'); 

 

INSERT INTO "RICHIEDE" VALUES ('3351594837', '800CASCO000S3', TO_DATE('20/06/2026', 'DD/MM/YYYY'), '21:00'); 

 

INSERT INTO "RICHIEDE" VALUES ('3351594837', '800TUTA0000S3', TO_DATE('20/06/2026', 'DD/MM/YYYY'), '21:00'); 

 

INSERT INTO "RICHIEDE" VALUES ('3351594837', '800GUAN0000S3', TO_DATE('20/06/2026', 'DD/MM/YYYY'), '21:00'); 

 

INSERT INTO "RICHIEDE" VALUES ('3297418529', '800CASCO000M1', TO_DATE('20/06/2026', 'DD/MM/YYYY'), '21:00'); 

 

INSERT INTO "RICHIEDE" VALUES ('3297418529', '800TUTA0000M1', TO_DATE('20/06/2026', 'DD/MM/YYYY'), '21:00'); 

 

INSERT INTO "RICHIEDE" VALUES ('3297418529', '800GUAN0000M1', TO_DATE('20/06/2026', 'DD/MM/YYYY'), '21:00'); 

 

INSERT INTO "RICHIEDE" VALUES ('3463692581', '800CASCO000M2', TO_DATE('20/06/2026', 'DD/MM/YYYY'), '21:00'); 

 

INSERT INTO "RICHIEDE" VALUES ('3463692581', '800TUTA0000M2', TO_DATE('20/06/2026', 'DD/MM/YYYY'), '21:00'); 

 

INSERT INTO "RICHIEDE" VALUES ('3463692581', '800GUAN0000M2', TO_DATE('20/06/2026', 'DD/MM/YYYY'), '21:00'); 

 

INSERT INTO "RICHIEDE" VALUES ('3341239874', '800CASCO000M3', TO_DATE('20/06/2026', 'DD/MM/YYYY'), '21:00'); 

 

INSERT INTO "RICHIEDE" VALUES ('3341239874', '800TUTA0000M3', TO_DATE('20/06/2026', 'DD/MM/YYYY'), '21:00'); 

 

INSERT INTO "RICHIEDE" VALUES ('3341239874', '800GUAN0000M3', TO_DATE('20/06/2026', 'DD/MM/YYYY'), '21:00'); 

 

INSERT INTO "RICHIEDE" VALUES ('3401928374', '800CASCO000L1', TO_DATE('20/06/2026', 'DD/MM/YYYY'), '21:00'); 

 

INSERT INTO "RICHIEDE" VALUES ('3401928374', '800TUTA0000L1', TO_DATE('20/06/2026', 'DD/MM/YYYY'), '21:00'); 

 

INSERT INTO "RICHIEDE" VALUES ('3401928374', '800GUAN0000L1', TO_DATE('20/06/2026', 'DD/MM/YYYY'), '21:00'); 

 

INSERT INTO "RICHIEDE" VALUES ('3359871234', '800CASCO000L2', TO_DATE('20/06/2026', 'DD/MM/YYYY'), '21:00'); 

 

INSERT INTO "RICHIEDE" VALUES ('3359871234', '800TUTA0000L2', TO_DATE('20/06/2026', 'DD/MM/YYYY'), '21:00'); 

 

INSERT INTO "RICHIEDE" VALUES ('3359871234', '800GUAN0000L2', TO_DATE('20/06/2026', 'DD/MM/YYYY'), '21:00'); 

 

INSERT INTO "RICHIEDE" VALUES ('3347492105', '800CASCO000S1', TO_DATE('12/06/2026', 'DD/MM/YYYY'), '18:00'); 

 

INSERT INTO "RICHIEDE" VALUES ('3347492105', '800TUTA0000S1', TO_DATE('12/06/2026', 'DD/MM/YYYY'), '18:00'); 

 

INSERT INTO "RICHIEDE" VALUES ('3347492105', '800GUAN0000S1', TO_DATE('12/06/2026', 'DD/MM/YYYY'), '18:00'); 

 

INSERT INTO "RICHIEDE" VALUES ('3201458796', '800CASCO000S2', TO_DATE('12/06/2026', 'DD/MM/YYYY'), '18:00'); 

 

INSERT INTO "RICHIEDE" VALUES ('3201458796', '800TUTA0000S2', TO_DATE('12/06/2026', 'DD/MM/YYYY'), '18:00'); 

 

INSERT INTO "RICHIEDE" VALUES ('3201458796', '800GUAN0000S2', TO_DATE('12/06/2026', 'DD/MM/YYYY'), '18:00'); 

 

INSERT INTO "RICHIEDE" VALUES ('3336541278', '800CASCO000S3', TO_DATE('12/06/2026', 'DD/MM/YYYY'), '18:00'); 

 

INSERT INTO "RICHIEDE" VALUES ('3336541278', '800TUTA0000S3', TO_DATE('12/06/2026', 'DD/MM/YYYY'), '18:00'); 

 

INSERT INTO "RICHIEDE" VALUES ('3336541278', '800GUAN0000S3', TO_DATE('12/06/2026', 'DD/MM/YYYY'), '18:00'); 

 

INSERT INTO "RICHIEDE" VALUES ('3479852143', '800CASCO000S4', TO_DATE('12/06/2026', 'DD/MM/YYYY'), '18:00'); 

 

INSERT INTO "RICHIEDE" VALUES ('3479852143', '800TUTA0000S4', TO_DATE('12/06/2026', 'DD/MM/YYYY'), '18:00'); 

 

INSERT INTO "RICHIEDE" VALUES ('3479852143', '800GUAN0000S4', TO_DATE('12/06/2026', 'DD/MM/YYYY'), '18:00'); 

 

INSERT INTO "RICHIEDE" VALUES ('3398745126', '800CASCO000S5', TO_DATE('12/06/2026', 'DD/MM/YYYY'), '18:00'); 

 

INSERT INTO "RICHIEDE" VALUES ('3398745126', '800TUTA0000S5', TO_DATE('12/06/2026', 'DD/MM/YYYY'), '18:00'); 

 

INSERT INTO "RICHIEDE" VALUES ('3398745126', '800GUAN0000S5', TO_DATE('12/06/2026', 'DD/MM/YYYY'), '18:00'); 

 

INSERT INTO "RICHIEDE" VALUES ('3496281745', '800CASCO000M1', TO_DATE('12/06/2026', 'DD/MM/YYYY'), '18:00'); 

 

INSERT INTO "RICHIEDE" VALUES ('3496281745', '800TUTA0000M1', TO_DATE('12/06/2026', 'DD/MM/YYYY'), '18:00'); 

 

INSERT INTO "RICHIEDE" VALUES ('3496281745', '800GUAN0000M1', TO_DATE('12/06/2026', 'DD/MM/YYYY'), '18:00'); 

 

INSERT INTO "RICHIEDE" VALUES ('3273149586', '800CASCO000M2', TO_DATE('12/06/2026', 'DD/MM/YYYY'), '18:00'); 

 

INSERT INTO "RICHIEDE" VALUES ('3273149586', '800TUTA0000M2', TO_DATE('12/06/2026', 'DD/MM/YYYY'), '18:00'); 

 

INSERT INTO "RICHIEDE" VALUES ('3273149586', '800GUAN0000M2', TO_DATE('12/06/2026', 'DD/MM/YYYY'), '18:00'); 

 

INSERT INTO "RICHIEDE" VALUES ('3318529637', '800CASCO000M3', TO_DATE('12/06/2026', 'DD/MM/YYYY'), '18:00'); 

 

INSERT INTO "RICHIEDE" VALUES ('3318529637', '800TUTA0000M3', TO_DATE('12/06/2026', 'DD/MM/YYYY'), '18:00'); 

 

INSERT INTO "RICHIEDE" VALUES ('3318529637', '800GUAN0000M3', TO_DATE('12/06/2026', 'DD/MM/YYYY'), '18:00'); 

 

INSERT INTO "RICHIEDE" VALUES ('3451234567', '800CASCO000M4', TO_DATE('12/06/2026', 'DD/MM/YYYY'), '18:00'); 

 

INSERT INTO "RICHIEDE" VALUES ('3451234567', '800TUTA0000M4', TO_DATE('12/06/2026', 'DD/MM/YYYY'), '18:00'); 

 

INSERT INTO "RICHIEDE" VALUES ('3451234567', '800GUAN0000M4', TO_DATE('12/06/2026', 'DD/MM/YYYY'), '18:00'); 

 

INSERT INTO "RICHIEDE" VALUES ('3389876543', '800CASCO000M5', TO_DATE('12/06/2026', 'DD/MM/YYYY'), '18:00'); 

 

INSERT INTO "RICHIEDE" VALUES ('3389876543', '800TUTA0000M5', TO_DATE('12/06/2026', 'DD/MM/YYYY'), '18:00'); 

 

INSERT INTO "RICHIEDE" VALUES ('3389876543', '800GUAN0000M5', TO_DATE('12/06/2026', 'DD/MM/YYYY'), '18:00'); 

 

INSERT INTO "RICHIEDE" VALUES ('3209517463', '800CASCO000L1', TO_DATE('12/06/2026', 'DD/MM/YYYY'), '18:00'); 

 

INSERT INTO "RICHIEDE" VALUES ('3209517463', '800TUTA0000L1', TO_DATE('12/06/2026', 'DD/MM/YYYY'), '18:00'); 

 

 

-- PRENOTAZIONE 

 

INSERT INTO "PRENOTAZIONE" VALUES (TO_DATE('05/06/2026', 'DD/MM/YYYY'), '14:30', 35, 10, 'VULCANO_CIRCUIT', TO_DATE('12/06/2026', 'DD/MM/YYYY'), '18:00', '3347492105', 'POLE_POSITION_TICKET', 'BRNRCR05E11F839K'); 

 

INSERT INTO "PRENOTAZIONE" VALUES (TO_DATE('15/06/2026', 'DD/MM/YYYY'), '18:15', 35, 12, 'VULCANO_CIRCUIT', TO_DATE('20/06/2026', 'DD/MM/YYYY'), '21:00', '3201458796', 'POLE_POSITION_TICKET', 'BRNRCR05E11F839K'); 

 

INSERT INTO "PRENOTAZIONE" VALUES (TO_DATE('16/06/2026', 'DD/MM/YYYY'), '10:00', 25, 8, 'TAMBURRELLO_CIRCUIT', TO_DATE('20/06/2026', 'DD/MM/YYYY'), '21:15', '3336541278', 'TIME-ATTACK', 'BRNRCR05E11F839K'); 

 

INSERT INTO "PRENOTAZIONE" VALUES (TO_DATE('29/06/2026', 'DD/MM/YYYY'), '11:45', 45, 9, 'PULCINELLA_CIRCUIT', TO_DATE('04/07/2026', 'DD/MM/YYYY'), '12:00', '3479852143', 'FAST_AND_FURIOUS', 'BRNRCR05E11F839K'); 

 

INSERT INTO "PRENOTAZIONE" VALUES (TO_DATE('05/07/2026', 'DD/MM/YYYY'), '16:20', 55, 10, 'PULCINELLA_CIRCUIT', TO_DATE('11/07/2026', 'DD/MM/YYYY'), '19:00', '3398745126', 'GRAN_PREMIO_PODIUM', 'BRNRCR05E11F839K'); 

 

INSERT INTO "PRENOTAZIONE" VALUES (TO_DATE('22/07/2026', 'DD/MM/YYYY'), '09:15', 35, 14, 'VULCANO_CIRCUIT', TO_DATE('29/07/2026', 'DD/MM/YYYY'), '21:30', '3284512963', 'POLE_POSITION_TICKET', 'BRNRCR05E11F839K'); 

 

INSERT INTO "PRENOTAZIONE" VALUES (TO_DATE('01/08/2026', 'DD/MM/YYYY'), '15:00', 45, 11, 'PULCINELLA_CIRCUIT', TO_DATE('08/08/2026', 'DD/MM/YYYY'), '17:30', '3407519328', 'FAST_AND_FURIOUS', 'BRNRCR05E11F839K'); 

 

INSERT INTO "PRENOTAZIONE" VALUES (TO_DATE('28/08/2026', 'DD/MM/YYYY'), '12:30', 35, 10, 'VULCANO_CIRCUIT', TO_DATE('05/09/2026', 'DD/MM/YYYY'), '14:00', '3351594837', 'POLE_POSITION_TICKET', 'BRNRCR05E11F839K'); 

 

INSERT INTO "PRENOTAZIONE" VALUES (TO_DATE('30/08/2026', 'DD/MM/YYYY'), '17:10', 55, 12, 'PULCINELLA_CIRCUIT', TO_DATE('05/09/2026', 'DD/MM/YYYY'), '14:30', '3496281745', 'GRAN_PREMIO_PODIUM', 'BRNRCR05E11F839K'); 

 

INSERT INTO "PRENOTAZIONE" VALUES (TO_DATE('10/09/2026', 'DD/MM/YYYY'), '11:00', 25, 8, 'TAMBURRELLO_CIRCUIT', TO_DATE('15/09/2026', 'DD/MM/YYYY'), '16:30', '3273149586', 'TIME-ATTACK', 'BRNRCR05E11F839K'); 

 

INSERT INTO "PRENOTAZIONE" VALUES (TO_DATE('18/09/2026', 'DD/MM/YYYY'), '15:45', 25, 9, 'TAMBURRELLO_CIRCUIT', TO_DATE('23/09/2026', 'DD/MM/YYYY'), '16:00', '3318529637', 'TIME-ATTACK', 'BRNRCR05E11F839K'); 

 

INSERT INTO "PRENOTAZIONE" VALUES (TO_DATE('08/10/2026', 'DD/MM/YYYY'), '19:30', 45, 10, 'PULCINELLA_CIRCUIT', TO_DATE('14/10/2026', 'DD/MM/YYYY'), '19:00', '3451234567', 'FAST_AND_FURIOUS', 'BRNRCR05E11F839K'); 

 

INSERT INTO "PRENOTAZIONE" VALUES (TO_DATE('19/10/2026', 'DD/MM/YYYY'), '14:00', 25, 11, 'TAMBURRELLO_CIRCUIT', TO_DATE('24/10/2026', 'DD/MM/YYYY'), '15:30', '3389876543', 'TIME-ATTACK', 'BRNRCR05E11F839K'); 

 

INSERT INTO "PRENOTAZIONE" VALUES (TO_DATE('02/11/2026', 'DD/MM/YYYY'), '10:30', 45, 10, 'PULCINELLA_CIRCUIT', TO_DATE('07/11/2026', 'DD/MM/YYYY'), '14:00', '3297418529', 'FAST_AND_FURIOUS', 'BRNRCR05E11F839K'); 

 

INSERT INTO "PRENOTAZIONE" VALUES (TO_DATE('09/11/2026', 'DD/MM/YYYY'), '09:00', 35, 12, 'VULCANO_CIRCUIT', TO_DATE('14/11/2026', 'DD/MM/YYYY'), '10:00', '3463692581', 'POLE_POSITION_TICKET', 'BRNRCR05E11F839K'); 

 

INSERT INTO "PRENOTAZIONE" VALUES (TO_DATE('10/11/2026', 'DD/MM/YYYY'), '15:20', 55, 10, 'PULCINELLA_CIRCUIT', TO_DATE('14/11/2026', 'DD/MM/YYYY'), '10:15', '3341239874', 'GRAN_PREMIO_PODIUM', 'BRNRCR05E11F839K'); 

 

INSERT INTO "PRENOTAZIONE" VALUES (TO_DATE('14/11/2026', 'DD/MM/YYYY'), '11:15', 35, 10, 'VULCANO_CIRCUIT', TO_DATE('20/11/2026', 'DD/MM/YYYY'), '16:30', '3209517463', 'POLE_POSITION_TICKET', 'BRNRCR05E11F839K'); 

 

INSERT INTO "PRENOTAZIONE" VALUES (TO_DATE('22/11/2026', 'DD/MM/YYYY'), '17:45', 45, 13, 'PULCINELLA_CIRCUIT', TO_DATE('28/11/2026', 'DD/MM/YYYY'), '18:00', '3337894561', 'FAST_AND_FURIOUS', 'BRNRCR05E11F839K'); 

 

INSERT INTO "PRENOTAZIONE" VALUES (TO_DATE('03/12/2026', 'DD/MM/YYYY'), '10:00', 35, 10, 'VULCANO_CIRCUIT', TO_DATE('09/12/2026', 'DD/MM/YYYY'), '11:30', '3481592637', 'POLE_POSITION_TICKET', 'BRNRCR05E11F839K'); 

 

INSERT INTO "PRENOTAZIONE" VALUES (TO_DATE('05/12/2026', 'DD/MM/YYYY'), '16:00', 35, 11, 'VULCANO_CIRCUIT', TO_DATE('12/12/2026', 'DD/MM/YYYY'), '15:00', '3393571592', 'POLE_POSITION_TICKET', 'BRNRCR05E11F839K'); 

 

INSERT INTO "PRENOTAZIONE" VALUES (TO_DATE('15/12/2026', 'DD/MM/YYYY'), '14:30', 35, 12, 'VULCANO_CIRCUIT', TO_DATE('22/12/2026', 'DD/MM/YYYY'), '17:00', '3284628193', 'POLE_POSITION_TICKET', 'BRNRCR05E11F839K'); 

 

INSERT INTO "PRENOTAZIONE" VALUES (TO_DATE('20/12/2026', 'DD/MM/YYYY'), '19:15', 45, 10, 'PULCINELLA_CIRCUIT', TO_DATE('27/12/2026', 'DD/MM/YYYY'), '19:30', '3401928374', 'FAST_AND_FURIOUS', 'BRNRCR05E11F839K'); 

 

INSERT INTO "PRENOTAZIONE" VALUES (TO_DATE('23/12/2026', 'DD/MM/YYYY'), '15:00', 35, 10, 'VULCANO_CIRCUIT', TO_DATE('30/12/2026', 'DD/MM/YYYY'), '16:00', '3359871234', 'POLE_POSITION_TICKET', 'BRNRCR05E11F839K'); 

 

INSERT INTO "PRENOTAZIONE" VALUES (TO_DATE('01/10/2026', 'DD/MM/YYYY'), '10:00', 30, 5, 'MONZA_KART_LINK', TO_DATE('05/10/2026', 'DD/MM/YYYY'), '10:00', '3347492105', 'MONZA_SPEED_PASS', 'AMDMRA80A01F839A'); 

 

INSERT INTO "PRENOTAZIONE" VALUES (TO_DATE('01/10/2026', 'DD/MM/YYYY'), '11:00', 40, 6, 'MUGELLO_KART_TRACK', TO_DATE('06/10/2026', 'DD/MM/YYYY'), '11:00', '3201458796', 'MUGELLO_CHALLENGE', 'AMDLCA81B02F839B'); 

 

INSERT INTO "PRENOTAZIONE" VALUES (TO_DATE('02/10/2026', 'DD/MM/YYYY'), '12:00', 60, 10, 'IMOLA_CRADLE', TO_DATE('07/10/2026', 'DD/MM/YYYY'), '15:00', '3336541278', 'IMOLA_ENDURANCE', 'AMDGRV82C03F839C'); 

 

INSERT INTO "PRENOTAZIONE" VALUES (TO_DATE('03/10/2026', 'DD/MM/YYYY'), '09:00', 50, 8, 'SARNO_INTERNATIONAL', TO_DATE('08/10/2026', 'DD/MM/YYYY'), '16:00', '3479852143', 'SARNO_PRO_TICKET', 'AMDFNC83D04F839D'); 

 

INSERT INTO "PRENOTAZIONE" VALUES (TO_DATE('04/10/2026', 'DD/MM/YYYY'), '14:30', 42, 6, 'LONATO_SOUTH_GARDA', TO_DATE('09/10/2026', 'DD/MM/YYYY'), '10:30', '3398745126', 'LONATO_MASTER_CUP', 'AMDSTF84E05F839E'); 

 

INSERT INTO "PRENOTAZIONE" VALUES (TO_DATE('05/10/2026', 'DD/MM/YYYY'), '15:00', 48, 6, 'FRANCIACORTA_TRACK', TO_DATE('10/10/2026', 'DD/MM/YYYY'), '14:00', '3284512963', 'FRANCIACORTA_RACE', 'AMDAST85F06F839F'); 

 

INSERT INTO "PRENOTAZIONE" VALUES (TO_DATE('05/10/2026', 'DD/MM/YYYY'), '16:00', 28, 4, 'CREMONA_CIRCUIT_K', TO_DATE('11/10/2026', 'DD/MM/YYYY'), '09:00', '3407519328', 'CREMONA_SPRINT', 'AMDNDR86G07F839G'); 

 

INSERT INTO "PRENOTAZIONE" VALUES (TO_DATE('06/10/2026', 'DD/MM/YYYY'), '10:00', 32, 6, 'SIENA_KART_WAY', TO_DATE('12/10/2026', 'DD/MM/YYYY'), '15:30', '3351594837', 'SIENA_QUALIFYING', 'AMDMRE87H08F839H'); 

 

INSERT INTO "PRENOTAZIONE" VALUES (TO_DATE('07/10/2026', 'DD/MM/YYYY'), '11:15', 70, 12, 'VITERBO_RACETRACK', TO_DATE('13/10/2026', 'DD/MM/YYYY'), '18:00', '3496281745', 'VITERBO_EXTREME', 'AMDGPP88I09F839I'); 

 

INSERT INTO "PRENOTAZIONE" VALUES (TO_DATE('08/10/2026', 'DD/MM/YYYY'), '14:20', 52, 8, 'MISANO_K_ARENA', TO_DATE('14/10/2026', 'DD/MM/YYYY'), '21:00', '3273149586', 'MISANO_NIGHT_RUN', 'AMDATN89J10F839J'); 

 

INSERT INTO "PRENOTAZIONE" VALUES (TO_DATE('09/10/2026', 'DD/MM/YYYY'), '15:00', 45, 6, 'VALLELUNGA_KART', TO_DATE('15/10/2026', 'DD/MM/YYYY'), '16:30', '3318529637', 'VALLELUNGA_GOLD', 'AMDRBT90K11F839K'); 

 

 

ALTER TABLE "GARA" MODIFY "NOME_CAMPIONATO" VARCHAR2(40); 

 

 

-- TELEMETRIA 

 

-- 1. GARA: 06/06/2026 10:30 - TAMBURRELLO_CIRCUIT (Amatoriale - 6 Piloti - 5 Giri) 

 

INSERT INTO "TELEMETRIA" VALUES (1, INTERVAL '0 00:01:15.200' DAY TO SECOND, 1, TO_DATE('06/06/2026', 'DD/MM/YYYY'), '10:30', 'ZCKCRGCEN26000001', 'KART-01', NULL, 'TAMBURRELLO_CIRCUIT'); 

 

INSERT INTO "TELEMETRIA" VALUES (1, INTERVAL '0 00:01:15.800' DAY TO SECOND, 2, TO_DATE('06/06/2026', 'DD/MM/YYYY'), '10:30', 'ZCKCRGCEN26000002', 'KART-02', NULL, 'TAMBURRELLO_CIRCUIT'); 

 

INSERT INTO "TELEMETRIA" VALUES (1, INTERVAL '0 00:01:16.100' DAY TO SECOND, 3, TO_DATE('06/06/2026', 'DD/MM/YYYY'), '10:30', 'ZCKCRGCEN26000003', 'KART-03', NULL, 'TAMBURRELLO_CIRCUIT'); 

 

INSERT INTO "TELEMETRIA" VALUES (1, INTERVAL '0 00:01:16.500' DAY TO SECOND, 4, TO_DATE('06/06/2026', 'DD/MM/YYYY'), '10:30', 'ZCKCRGCEN26000004', 'KART-04', NULL, 'TAMBURRELLO_CIRCUIT'); 

 

INSERT INTO "TELEMETRIA" VALUES (1, INTERVAL '0 00:01:17.000' DAY TO SECOND, 5, TO_DATE('06/06/2026', 'DD/MM/YYYY'), '10:30', 'ZCKCRGCEN26000005', 'KART-05', NULL, 'TAMBURRELLO_CIRCUIT'); 

 

INSERT INTO "TELEMETRIA" VALUES (1, INTERVAL '0 00:01:17.400' DAY TO SECOND, 6, TO_DATE('06/06/2026', 'DD/MM/YYYY'), '10:30', 'ZCKCRGCEN26000006', 'KART-06', NULL, 'TAMBURRELLO_CIRCUIT'); 

 

INSERT INTO "TELEMETRIA" VALUES (2, INTERVAL '0 00:01:14.900' DAY TO SECOND, 1, TO_DATE('06/06/2026', 'DD/MM/YYYY'), '10:30', 'ZCKCRGCEN26000001', 'KART-01', NULL, 'TAMBURRELLO_CIRCUIT'); 

 

INSERT INTO "TELEMETRIA" VALUES (2, INTERVAL '0 00:01:15.300' DAY TO SECOND, 2, TO_DATE('06/06/2026', 'DD/MM/YYYY'), '10:30', 'ZCKCRGCEN26000002', 'KART-02', NULL, 'TAMBURRELLO_CIRCUIT'); 

 

INSERT INTO "TELEMETRIA" VALUES (2, INTERVAL '0 00:01:15.900' DAY TO SECOND, 3, TO_DATE('06/06/2026', 'DD/MM/YYYY'), '10:30', 'ZCKCRGCEN26000003', 'KART-03', NULL, 'TAMBURRELLO_CIRCUIT'); 

 

INSERT INTO "TELEMETRIA" VALUES (2, INTERVAL '0 00:01:16.100' DAY TO SECOND, 4, TO_DATE('06/06/2026', 'DD/MM/YYYY'), '10:30', 'ZCKCRGCEN26000005', 'KART-05', NULL, 'TAMBURRELLO_CIRCUIT'); 

 

INSERT INTO "TELEMETRIA" VALUES (2, INTERVAL '0 00:01:16.400' DAY TO SECOND, 5, TO_DATE('06/06/2026', 'DD/MM/YYYY'), '10:30', 'ZCKCRGCEN26000004', 'KART-04', NULL, 'TAMBURRELLO_CIRCUIT'); 

 

INSERT INTO "TELEMETRIA" VALUES (2, INTERVAL '0 00:01:17.100' DAY TO SECOND, 6, TO_DATE('06/06/2026', 'DD/MM/YYYY'), '10:30', 'ZCKCRGCEN26000006', 'KART-06', NULL, 'TAMBURRELLO_CIRCUIT'); 

 

INSERT INTO "TELEMETRIA" VALUES (3, INTERVAL '0 00:01:14.500' DAY TO SECOND, 1, TO_DATE('06/06/2026', 'DD/MM/YYYY'), '10:30', 'ZCKCRGCEN26000001', 'KART-01', NULL, 'TAMBURRELLO_CIRCUIT'); 

 

INSERT INTO "TELEMETRIA" VALUES (3, INTERVAL '0 00:01:15.100' DAY TO SECOND, 2, TO_DATE('06/06/2026', 'DD/MM/YYYY'), '10:30', 'ZCKCRGCEN26000002', 'KART-02', NULL, 'TAMBURRELLO_CIRCUIT'); 

 

INSERT INTO "TELEMETRIA" VALUES (3, INTERVAL '0 00:01:15.700' DAY TO SECOND, 3, TO_DATE('06/06/2026', 'DD/MM/YYYY'), '10:30', 'ZCKCRGCEN26000003', 'KART-03', NULL, 'TAMBURRELLO_CIRCUIT'); 

 

INSERT INTO "TELEMETRIA" VALUES (3, INTERVAL '0 00:01:16.000' DAY TO SECOND, 4, TO_DATE('06/06/2026', 'DD/MM/YYYY'), '10:30', 'ZCKCRGCEN26000005', 'KART-05', NULL, 'TAMBURRELLO_CIRCUIT'); 

 

INSERT INTO "TELEMETRIA" VALUES (3, INTERVAL '0 00:01:16.300' DAY TO SECOND, 5, TO_DATE('06/06/2026', 'DD/MM/YYYY'), '10:30', 'ZCKCRGCEN26000004', 'KART-04', NULL, 'TAMBURRELLO_CIRCUIT'); 

 

INSERT INTO "TELEMETRIA" VALUES (3, INTERVAL '0 00:01:16.800' DAY TO SECOND, 6, TO_DATE('06/06/2026', 'DD/MM/YYYY'), '10:30', 'ZCKCRGCEN26000006', 'KART-06', NULL, 'TAMBURRELLO_CIRCUIT'); 

 

INSERT INTO "TELEMETRIA" VALUES (4, INTERVAL '0 00:01:14.300' DAY TO SECOND, 1, TO_DATE('06/06/2026', 'DD/MM/YYYY'), '10:30', 'ZCKCRGCEN26000001', 'KART-01', NULL, 'TAMBURRELLO_CIRCUIT'); 

 

INSERT INTO "TELEMETRIA" VALUES (4, INTERVAL '0 00:01:15.000' DAY TO SECOND, 2, TO_DATE('06/06/2026', 'DD/MM/YYYY'), '10:30', 'ZCKCRGCEN26000002', 'KART-02', NULL, 'TAMBURRELLO_CIRCUIT'); 

 

INSERT INTO "TELEMETRIA" VALUES (4, INTERVAL '0 00:01:15.600' DAY TO SECOND, 3, TO_DATE('06/06/2026', 'DD/MM/YYYY'), '10:30', 'ZCKCRGCEN26000003', 'KART-03', NULL, 'TAMBURRELLO_CIRCUIT'); 

 

INSERT INTO "TELEMETRIA" VALUES (4, INTERVAL '0 00:01:15.800' DAY TO SECOND, 4, TO_DATE('06/06/2026', 'DD/MM/YYYY'), '10:30', 'ZCKCRGCEN26000005', 'KART-05', NULL, 'TAMBURRELLO_CIRCUIT'); 

 

INSERT INTO "TELEMETRIA" VALUES (4, INTERVAL '0 00:01:16.100' DAY TO SECOND, 5, TO_DATE('06/06/2026', 'DD/MM/YYYY'), '10:30', 'ZCKCRGCEN26000004', 'KART-04', NULL, 'TAMBURRELLO_CIRCUIT'); 

 

INSERT INTO "TELEMETRIA" VALUES (4, INTERVAL '0 00:01:16.500' DAY TO SECOND, 6, TO_DATE('06/06/2026', 'DD/MM/YYYY'), '10:30', 'ZCKCRGCEN26000006', 'KART-06', NULL, 'TAMBURRELLO_CIRCUIT'); 

 

INSERT INTO "TELEMETRIA" VALUES (5, INTERVAL '0 00:01:14.200' DAY TO SECOND, 1, TO_DATE('06/06/2026', 'DD/MM/YYYY'), '10:30', 'ZCKCRGCEN26000001', 'KART-01', NULL, 'TAMBURRELLO_CIRCUIT'); 

 

INSERT INTO "TELEMETRIA" VALUES (5, INTERVAL '0 00:01:14.800' DAY TO SECOND, 2, TO_DATE('06/06/2026', 'DD/MM/YYYY'), '10:30', 'ZCKCRGCEN26000002', 'KART-02', NULL, 'TAMBURRELLO_CIRCUIT'); 

 

INSERT INTO "TELEMETRIA" VALUES (5, INTERVAL '0 00:01:15.400' DAY TO SECOND, 3, TO_DATE('06/06/2026', 'DD/MM/YYYY'), '10:30', 'ZCKCRGCEN26000003', 'KART-03', NULL, 'TAMBURRELLO_CIRCUIT'); 

 

INSERT INTO "TELEMETRIA" VALUES (5, INTERVAL '0 00:01:15.700' DAY TO SECOND, 4, TO_DATE('06/06/2026', 'DD/MM/YYYY'), '10:30', 'ZCKCRGCEN26000005', 'KART-05', NULL, 'TAMBURRELLO_CIRCUIT'); 

 

INSERT INTO "TELEMETRIA" VALUES (5, INTERVAL '0 00:01:15.900' DAY TO SECOND, 5, TO_DATE('06/06/2026', 'DD/MM/YYYY'), '10:30', 'ZCKCRGCEN26000004', 'KART-04', NULL, 'TAMBURRELLO_CIRCUIT'); 

 

INSERT INTO "TELEMETRIA" VALUES (5, INTERVAL '0 00:01:16.400' DAY TO SECOND, 6, TO_DATE('06/06/2026', 'DD/MM/YYYY'), '10:30', 'ZCKCRGCEN26000006', 'KART-06', NULL, 'TAMBURRELLO_CIRCUIT'); 

 

 

-- 2. GARA: 12/06/2026 18:00 - VULCANO_CIRCUIT (Amatoriale - 8 Piloti - 6 Giri) 

 

INSERT INTO "TELEMETRIA" VALUES (1, INTERVAL '0 00:01:46.500' DAY TO SECOND, 1, TO_DATE('12/06/2026', 'DD/MM/YYYY'), '18:00', 'VFRSODIRT26000011', 'KART-09', NULL, 'VULCANO_CIRCUIT'); 

 

INSERT INTO "TELEMETRIA" VALUES (1, INTERVAL '0 00:01:47.100' DAY TO SECOND, 2, TO_DATE('12/06/2026', 'DD/MM/YYYY'), '18:00', 'VFRSODIRT26000012', 'KART-10', NULL, 'VULCANO_CIRCUIT'); 

 

INSERT INTO "TELEMETRIA" VALUES (1, INTERVAL '0 00:01:47.400' DAY TO SECOND, 3, TO_DATE('12/06/2026', 'DD/MM/YYYY'), '18:00', 'VFRSODIRT26000013', 'KART-11', NULL, 'VULCANO_CIRCUIT'); 

 

INSERT INTO "TELEMETRIA" VALUES (1, INTERVAL '0 00:01:47.800' DAY TO SECOND, 4, TO_DATE('12/06/2026', 'DD/MM/YYYY'), '18:00', 'VFRSODIRT26000014', 'KART-12', NULL, 'VULCANO_CIRCUIT'); 

 

INSERT INTO "TELEMETRIA" VALUES (1, INTERVAL '0 00:01:48.100' DAY TO SECOND, 5, TO_DATE('12/06/2026', 'DD/MM/YYYY'), '18:00', 'VFRSODIRT26000015', 'KART-13', NULL, 'VULCANO_CIRCUIT'); 

 

INSERT INTO "TELEMETRIA" VALUES (1, INTERVAL '0 00:01:48.500' DAY TO SECOND, 6, TO_DATE('12/06/2026', 'DD/MM/YYYY'), '18:00', 'VFRSODIRT26000016', 'KART-14', NULL, 'VULCANO_CIRCUIT'); 

 

INSERT INTO "TELEMETRIA" VALUES (1, INTERVAL '0 00:01:49.000' DAY TO SECOND, 7, TO_DATE('12/06/2026', 'DD/MM/YYYY'), '18:00', 'VFRSODIRT26000017', 'KART-15', NULL, 'VULCANO_CIRCUIT'); 

 

INSERT INTO "TELEMETRIA" VALUES (1, INTERVAL '0 00:01:49.400' DAY TO SECOND, 8, TO_DATE('12/06/2026', 'DD/MM/YYYY'), '18:00', 'ZCKBIRELN26000021', 'KART-16', NULL, 'VULCANO_CIRCUIT'); 

 

INSERT INTO "TELEMETRIA" VALUES (2, INTERVAL '0 00:01:45.900' DAY TO SECOND, 1, TO_DATE('12/06/2026', 'DD/MM/YYYY'), '18:00', 'VFRSODIRT26000011', 'KART-09', NULL, 'VULCANO_CIRCUIT'); 

 

INSERT INTO "TELEMETRIA" VALUES (2, INTERVAL '0 00:01:46.300' DAY TO SECOND, 2, TO_DATE('12/06/2026', 'DD/MM/YYYY'), '18:00', 'VFRSODIRT26000013', 'KART-11', NULL, 'VULCANO_CIRCUIT'); 

 

INSERT INTO "TELEMETRIA" VALUES (2, INTERVAL '0 00:01:46.800' DAY TO SECOND, 3, TO_DATE('12/06/2026', 'DD/MM/YYYY'), '18:00', 'VFRSODIRT26000012', 'KART-10', NULL, 'VULCANO_CIRCUIT'); 

 

INSERT INTO "TELEMETRIA" VALUES (2, INTERVAL '0 00:01:47.100' DAY TO SECOND, 4, TO_DATE('12/06/2026', 'DD/MM/YYYY'), '18:00', 'VFRSODIRT26000015', 'KART-13', NULL, 'VULCANO_CIRCUIT'); 

 

INSERT INTO "TELEMETRIA" VALUES (2, INTERVAL '0 00:01:47.500' DAY TO SECOND, 5, TO_DATE('12/06/2026', 'DD/MM/YYYY'), '18:00', 'VFRSODIRT26000014', 'KART-12', NULL, 'VULCANO_CIRCUIT'); 

 

INSERT INTO "TELEMETRIA" VALUES (2, INTERVAL '0 00:01:47.900' DAY TO SECOND, 6, TO_DATE('12/06/2026', 'DD/MM/YYYY'), '18:00', 'VFRSODIRT26000016', 'KART-14', NULL, 'VULCANO_CIRCUIT'); 

 

INSERT INTO "TELEMETRIA" VALUES (2, INTERVAL '0 00:01:48.200' DAY TO SECOND, 7, TO_DATE('12/06/2026', 'DD/MM/YYYY'), '18:00', 'VFRSODIRT26000017', 'KART-15', NULL, 'VULCANO_CIRCUIT'); 

 

INSERT INTO "TELEMETRIA" VALUES (2, INTERVAL '0 00:01:48.500' DAY TO SECOND, 8, TO_DATE('12/06/2026', 'DD/MM/YYYY'), '18:00', 'ZCKBIRELN26000021', 'KART-16', NULL, 'VULCANO_CIRCUIT'); 

 

INSERT INTO "TELEMETRIA" VALUES (3, INTERVAL '0 00:01:45.400' DAY TO SECOND, 1, TO_DATE('12/06/2026', 'DD/MM/YYYY'), '18:00', 'VFRSODIRT26000011', 'KART-09', NULL, 'VULCANO_CIRCUIT'); 

 

INSERT INTO "TELEMETRIA" VALUES (3, INTERVAL '0 00:01:46.000' DAY TO SECOND, 2, TO_DATE('12/06/2026', 'DD/MM/YYYY'), '18:00', 'VFRSODIRT26000013', 'KART-11', NULL, 'VULCANO_CIRCUIT'); 

 

INSERT INTO "TELEMETRIA" VALUES (3, INTERVAL '0 00:01:46.500' DAY TO SECOND, 3, TO_DATE('12/06/2026', 'DD/MM/YYYY'), '18:00', 'VFRSODIRT26000012', 'KART-10', NULL, 'VULCANO_CIRCUIT'); 

 

INSERT INTO "TELEMETRIA" VALUES (3, INTERVAL '0 00:01:46.900' DAY TO SECOND, 4, TO_DATE('12/06/2026', 'DD/MM/YYYY'), '18:00', 'VFRSODIRT26000015', 'KART-13', NULL, 'VULCANO_CIRCUIT'); 

 

INSERT INTO "TELEMETRIA" VALUES (3, INTERVAL '0 00:01:47.300' DAY TO SECOND, 5, TO_DATE('12/06/2026', 'DD/MM/YYYY'), '18:00', 'VFRSODIRT26000014', 'KART-12', NULL, 'VULCANO_CIRCUIT'); 

 

INSERT INTO "TELEMETRIA" VALUES (3, INTERVAL '0 00:01:47.600' DAY TO SECOND, 6, TO_DATE('12/06/2026', 'DD/MM/YYYY'), '18:00', 'VFRSODIRT26000016', 'KART-14', NULL, 'VULCANO_CIRCUIT'); 

 

INSERT INTO "TELEMETRIA" VALUES (3, INTERVAL '0 00:01:47.900' DAY TO SECOND, 7, TO_DATE('12/06/2026', 'DD/MM/YYYY'), '18:00', 'VFRSODIRT26000017', 'KART-15', NULL, 'VULCANO_CIRCUIT'); 

 

INSERT INTO "TELEMETRIA" VALUES (3, INTERVAL '0 00:01:48.300' DAY TO SECOND, 8, TO_DATE('12/06/2026', 'DD/MM/YYYY'), '18:00', 'ZCKBIRELN26000021', 'KART-16', NULL, 'VULCANO_CIRCUIT'); 

 

INSERT INTO "TELEMETRIA" VALUES (4, INTERVAL '0 00:01:45.100' DAY TO SECOND, 1, TO_DATE('12/06/2026', 'DD/MM/YYYY'), '18:00', 'VFRSODIRT26000011', 'KART-09', NULL, 'VULCANO_CIRCUIT'); 

 

INSERT INTO "TELEMETRIA" VALUES (4, INTERVAL '0 00:01:45.800' DAY TO SECOND, 2, TO_DATE('12/06/2026', 'DD/MM/YYYY'), '18:00', 'VFRSODIRT26000013', 'KART-11', NULL, 'VULCANO_CIRCUIT'); 

 

INSERT INTO "TELEMETRIA" VALUES (4, INTERVAL '0 00:01:46.300' DAY TO SECOND, 3, TO_DATE('12/06/2026', 'DD/MM/YYYY'), '18:00', 'VFRSODIRT26000012', 'KART-10', NULL, 'VULCANO_CIRCUIT'); 

 

INSERT INTO "TELEMETRIA" VALUES (4, INTERVAL '0 00:01:46.700' DAY TO SECOND, 4, TO_DATE('12/06/2026', 'DD/MM/YYYY'), '18:00', 'VFRSODIRT26000015', 'KART-13', NULL, 'VULCANO_CIRCUIT'); 

 

INSERT INTO "TELEMETRIA" VALUES (4, INTERVAL '0 00:01:47.100' DAY TO SECOND, 5, TO_DATE('12/06/2026', 'DD/MM/YYYY'), '18:00', 'VFRSODIRT26000014', 'KART-12', NULL, 'VULCANO_CIRCUIT'); 

 

INSERT INTO "TELEMETRIA" VALUES (4, INTERVAL '0 00:01:47.400' DAY TO SECOND, 6, TO_DATE('12/06/2026', 'DD/MM/YYYY'), '18:00', 'VFRSODIRT26000016', 'KART-14', NULL, 'VULCANO_CIRCUIT'); 

 

INSERT INTO "TELEMETRIA" VALUES (4, INTERVAL '0 00:01:47.700' DAY TO SECOND, 7, TO_DATE('12/06/2026', 'DD/MM/YYYY'), '18:00', 'VFRSODIRT26000017', 'KART-15', NULL, 'VULCANO_CIRCUIT'); 

 

INSERT INTO "TELEMETRIA" VALUES (4, INTERVAL '0 00:01:48.100' DAY TO SECOND, 8, TO_DATE('12/06/2026', 'DD/MM/YYYY'), '18:00', 'ZCKBIRELN26000021', 'KART-16', NULL, 'VULCANO_CIRCUIT'); 

 

INSERT INTO "TELEMETRIA" VALUES (5, INTERVAL '0 00:01:44.900' DAY TO SECOND, 1, TO_DATE('12/06/2026', 'DD/MM/YYYY'), '18:00', 'VFRSODIRT26000011', 'KART-09', NULL, 'VULCANO_CIRCUIT'); 

 

INSERT INTO "TELEMETRIA" VALUES (5, INTERVAL '0 00:01:45.600' DAY TO SECOND, 2, TO_DATE('12/06/2026', 'DD/MM/YYYY'), '18:00', 'VFRSODIRT26000013', 'KART-11', NULL, 'VULCANO_CIRCUIT'); 

 

INSERT INTO "TELEMETRIA" VALUES (5, INTERVAL '0 00:01:46.100' DAY TO SECOND, 3, TO_DATE('12/06/2026', 'DD/MM/YYYY'), '18:00', 'VFRSODIRT26000012', 'KART-10', NULL, 'VULCANO_CIRCUIT'); 

 

INSERT INTO "TELEMETRIA" VALUES (5, INTERVAL '0 00:01:46.500' DAY TO SECOND, 4, TO_DATE('12/06/2026', 'DD/MM/YYYY'), '18:00', 'VFRSODIRT26000015', 'KART-13', NULL, 'VULCANO_CIRCUIT'); 

 

INSERT INTO "TELEMETRIA" VALUES (5, INTERVAL '0 00:01:46.900' DAY TO SECOND, 5, TO_DATE('12/06/2026', 'DD/MM/YYYY'), '18:00', 'VFRSODIRT26000014', 'KART-12', NULL, 'VULCANO_CIRCUIT'); 

 

INSERT INTO "TELEMETRIA" VALUES (5, INTERVAL '0 00:01:47.200' DAY TO SECOND, 6, TO_DATE('12/06/2026', 'DD/MM/YYYY'), '18:00', 'VFRSODIRT26000016', 'KART-14', NULL, 'VULCANO_CIRCUIT'); 

 

INSERT INTO "TELEMETRIA" VALUES (5, INTERVAL '0 00:01:47.500' DAY TO SECOND, 7, TO_DATE('12/06/2026', 'DD/MM/YYYY'), '18:00', 'VFRSODIRT26000017', 'KART-15', NULL, 'VULCANO_CIRCUIT'); 

 

INSERT INTO "TELEMETRIA" VALUES (5, INTERVAL '0 00:01:47.900' DAY TO SECOND, 8, TO_DATE('12/06/2026', 'DD/MM/YYYY'), '18:00', 'ZCKBIRELN26000021', 'KART-16', NULL, 'VULCANO_CIRCUIT'); 

 

INSERT INTO "TELEMETRIA" VALUES (6, INTERVAL '0 00:01:44.700' DAY TO SECOND, 1, TO_DATE('12/06/2026', 'DD/MM/YYYY'), '18:00', 'VFRSODIRT26000011', 'KART-09', NULL, 'VULCANO_CIRCUIT'); 

 

INSERT INTO "TELEMETRIA" VALUES (6, INTERVAL '0 00:01:45.400' DAY TO SECOND, 2, TO_DATE('12/06/2026', 'DD/MM/YYYY'), '18:00', 'VFRSODIRT26000013', 'KART-11', NULL, 'VULCANO_CIRCUIT'); 

 

INSERT INTO "TELEMETRIA" VALUES (6, INTERVAL '0 00:01:46.000' DAY TO SECOND, 3, TO_DATE('12/06/2026', 'DD/MM/YYYY'), '18:00', 'VFRSODIRT26000012', 'KART-10', NULL, 'VULCANO_CIRCUIT'); 

 

INSERT INTO "TELEMETRIA" VALUES (6, INTERVAL '0 00:01:46.300' DAY TO SECOND, 4, TO_DATE('12/06/2026', 'DD/MM/YYYY'), '18:00', 'VFRSODIRT26000015', 'KART-13', NULL, 'VULCANO_CIRCUIT'); 

 

INSERT INTO "TELEMETRIA" VALUES (6, INTERVAL '0 00:01:46.700' DAY TO SECOND, 5, TO_DATE('12/06/2026', 'DD/MM/YYYY'), '18:00', 'VFRSODIRT26000014', 'KART-12', NULL, 'VULCANO_CIRCUIT'); 

 

INSERT INTO "TELEMETRIA" VALUES (6, INTERVAL '0 00:01:47.000' DAY TO SECOND, 6, TO_DATE('12/06/2026', 'DD/MM/YYYY'), '18:00', 'VFRSODIRT26000016', 'KART-14', NULL, 'VULCANO_CIRCUIT'); 

 

INSERT INTO "TELEMETRIA" VALUES (6, INTERVAL '0 00:01:47.300' DAY TO SECOND, 7, TO_DATE('12/06/2026', 'DD/MM/YYYY'), '18:00', 'VFRSODIRT26000017', 'KART-15', NULL, 'VULCANO_CIRCUIT'); 

 

INSERT INTO "TELEMETRIA" VALUES (6, INTERVAL '0 00:01:47.600' DAY TO SECOND, 8, TO_DATE('12/06/2026', 'DD/MM/YYYY'), '18:00', 'ZCKBIRELN26000021', 'KART-16', NULL, 'VULCANO_CIRCUIT'); 

 

 

-- 3. GARA: 20/06/2026 21:00 - PULCINELLA_CIRCUIT (Amatoriale - 3 Piloti - 7 Giri) 

 

INSERT INTO "TELEMETRIA" VALUES (1, INTERVAL '0 00:02:18.100' DAY TO SECOND, 1, TO_DATE('20/06/2026', 'DD/MM/YYYY'), '21:00', 'ZCKTONYKT26000031', 'KART-20', NULL, 'PULCINELLA_CIRCUIT'); 

 

INSERT INTO "TELEMETRIA" VALUES (1, INTERVAL '0 00:02:18.700' DAY TO SECOND, 2, TO_DATE('20/06/2026', 'DD/MM/YYYY'), '21:00', 'ZCKTONYKT26000032', 'KART-21', NULL, 'PULCINELLA_CIRCUIT'); 

 

INSERT INTO "TELEMETRIA" VALUES (1, INTERVAL '0 00:02:19.400' DAY TO SECOND, 3, TO_DATE('20/06/2026', 'DD/MM/YYYY'), '21:00', 'ZCKTONYKT26000033', 'KART-22', NULL, 'PULCINELLA_CIRCUIT'); 

 

INSERT INTO "TELEMETRIA" VALUES (2, INTERVAL '0 00:02:17.500' DAY TO SECOND, 1, TO_DATE('20/06/2026', 'DD/MM/YYYY'), '21:00', 'ZCKTONYKT26000031', 'KART-20', NULL, 'PULCINELLA_CIRCUIT'); 

 

INSERT INTO "TELEMETRIA" VALUES (2, INTERVAL '0 00:02:18.000' DAY TO SECOND, 2, TO_DATE('20/06/2026', 'DD/MM/YYYY'), '21:00', 'ZCKTONYKT26000032', 'KART-21', NULL, 'PULCINELLA_CIRCUIT'); 

 

INSERT INTO "TELEMETRIA" VALUES (2, INTERVAL '0 00:02:19.100' DAY TO SECOND, 3, TO_DATE('20/06/2026', 'DD/MM/YYYY'), '21:00', 'ZCKTONYKT26000033', 'KART-22', NULL, 'PULCINELLA_CIRCUIT'); 

 

INSERT INTO "TELEMETRIA" VALUES (3, INTERVAL '0 00:02:16.800' DAY TO SECOND, 1, TO_DATE('20/06/2026', 'DD/MM/YYYY'), '21:00', 'ZCKTONYKT26000031', 'KART-20', NULL, 'PULCINELLA_CIRCUIT'); 

 

INSERT INTO "TELEMETRIA" VALUES (3, INTERVAL '0 00:02:17.300' DAY TO SECOND, 2, TO_DATE('20/06/2026', 'DD/MM/YYYY'), '21:00', 'ZCKTONYKT26000032', 'KART-21', NULL, 'PULCINELLA_CIRCUIT'); 

 

INSERT INTO "TELEMETRIA" VALUES (3, INTERVAL '0 00:02:18.500' DAY TO SECOND, 3, TO_DATE('20/06/2026', 'DD/MM/YYYY'), '21:00', 'ZCKTONYKT26000033', 'KART-22', NULL, 'PULCINELLA_CIRCUIT'); 

 

INSERT INTO "TELEMETRIA" VALUES (4, INTERVAL '0 00:02:16.200' DAY TO SECOND, 1, TO_DATE('20/06/2026', 'DD/MM/YYYY'), '21:00', 'ZCKTONYKT26000031', 'KART-20', NULL, 'PULCINELLA_CIRCUIT'); 

 

INSERT INTO "TELEMETRIA" VALUES (4, INTERVAL '0 00:02:16.800' DAY TO SECOND, 2, TO_DATE('20/06/2026', 'DD/MM/YYYY'), '21:00', 'ZCKTONYKT26000032', 'KART-21', NULL, 'PULCINELLA_CIRCUIT'); 

 

INSERT INTO "TELEMETRIA" VALUES (4, INTERVAL '0 00:02:17.900' DAY TO SECOND, 3, TO_DATE('20/06/2026', 'DD/MM/YYYY'), '21:00', 'ZCKTONYKT26000033', 'KART-22', NULL, 'PULCINELLA_CIRCUIT'); 

 

INSERT INTO "TELEMETRIA" VALUES (5, INTERVAL '0 00:02:15.500' DAY TO SECOND, 1, TO_DATE('20/06/2026', 'DD/MM/YYYY'), '21:00', 'ZCKTONYKT26000031', 'KART-20', NULL, 'PULCINELLA_CIRCUIT'); 

 

INSERT INTO "TELEMETRIA" VALUES (5, INTERVAL '0 00:02:16.300' DAY TO SECOND, 2, TO_DATE('20/06/2026', 'DD/MM/YYYY'), '21:00', 'ZCKTONYKT26000032', 'KART-21', NULL, 'PULCINELLA_CIRCUIT'); 

 

INSERT INTO "TELEMETRIA" VALUES (5, INTERVAL '0 00:02:17.400' DAY TO SECOND, 3, TO_DATE('20/06/2026', 'DD/MM/YYYY'), '21:00', 'ZCKTONYKT26000033', 'KART-22', NULL, 'PULCINELLA_CIRCUIT'); 

 

INSERT INTO "TELEMETRIA" VALUES (6, INTERVAL '0 00:02:15.000' DAY TO SECOND, 1, TO_DATE('20/06/2026', 'DD/MM/YYYY'), '21:00', 'ZCKTONYKT26000031', 'KART-20', NULL, 'PULCINELLA_CIRCUIT'); 

 

INSERT INTO "TELEMETRIA" VALUES (6, INTERVAL '0 00:02:15.800' DAY TO SECOND, 2, TO_DATE('20/06/2026', 'DD/MM/YYYY'), '21:00', 'ZCKTONYKT26000032', 'KART-21', NULL, 'PULCINELLA_CIRCUIT'); 

 

INSERT INTO "TELEMETRIA" VALUES (6, INTERVAL '0 00:02:16.900' DAY TO SECOND, 3, TO_DATE('20/06/2026', 'DD/MM/YYYY'), '21:00', 'ZCKTONYKT26000033', 'KART-22', NULL, 'PULCINELLA_CIRCUIT'); 

 

INSERT INTO "TELEMETRIA" VALUES (7, INTERVAL '0 00:02:14.600' DAY TO SECOND, 1, TO_DATE('20/06/2026', 'DD/MM/YYYY'), '21:00', 'ZCKTONYKT26000031', 'KART-20', NULL, 'PULCINELLA_CIRCUIT'); 

 

INSERT INTO "TELEMETRIA" VALUES (7, INTERVAL '0 00:02:15.400' DAY TO SECOND, 2, TO_DATE('20/06/2026', 'DD/MM/YYYY'), '21:00', 'ZCKTONYKT26000032', 'KART-21', NULL, 'PULCINELLA_CIRCUIT'); 

 

INSERT INTO "TELEMETRIA" VALUES (7, INTERVAL '0 00:02:16.500' DAY TO SECOND, 3, TO_DATE('20/06/2026', 'DD/MM/YYYY'), '21:00', 'ZCKTONYKT26000033', 'KART-22', NULL, 'PULCINELLA_CIRCUIT'); 

 

 

-- 4. GARA: 20/06/2026 21:00 - VULCANO_CIRCUIT (Amatoriale - 6 Piloti - 5 Giri) 

 

INSERT INTO "TELEMETRIA" VALUES (1, INTERVAL '0 00:01:46.200' DAY TO SECOND, 1, TO_DATE('20/06/2026', 'DD/MM/YYYY'), '21:00', 'ZCKCRGKT226000041', 'KART-26', NULL, 'VULCANO_CIRCUIT'); 

 

INSERT INTO "TELEMETRIA" VALUES (1, INTERVAL '0 00:01:46.800' DAY TO SECOND, 2, TO_DATE('20/06/2026', 'DD/MM/YYYY'), '21:00', 'ZCKCRGKT226000042', 'KART-27', NULL, 'VULCANO_CIRCUIT'); 

 

INSERT INTO "TELEMETRIA" VALUES (1, INTERVAL '0 00:01:47.100' DAY TO SECOND, 3, TO_DATE('20/06/2026', 'DD/MM/YYYY'), '21:00', 'ZCKCRGKT226000043', 'KART-28', NULL, 'VULCANO_CIRCUIT'); 

 

INSERT INTO "TELEMETRIA" VALUES (1, INTERVAL '0 00:01:47.500' DAY TO SECOND, 4, TO_DATE('20/06/2026', 'DD/MM/YYYY'), '21:00', 'ZCKCRGKT226000044', 'KART-29', NULL, 'VULCANO_CIRCUIT'); 

 

INSERT INTO "TELEMETRIA" VALUES (1, INTERVAL '0 00:01:48.000' DAY TO SECOND, 5, TO_DATE('20/06/2026', 'DD/MM/YYYY'), '21:00', 'ZCKCRGKT226000045', 'KART-30', NULL, 'VULCANO_CIRCUIT'); 

 

INSERT INTO "TELEMETRIA" VALUES (1, INTERVAL '0 00:01:48.300' DAY TO SECOND, 6, TO_DATE('20/06/2026', 'DD/MM/YYYY'), '21:00', 'ZCKCRGCEN26000001', 'KART-01', NULL, 'VULCANO_CIRCUIT'); 

 

INSERT INTO "TELEMETRIA" VALUES (2, INTERVAL '0 00:01:45.800' DAY TO SECOND, 1, TO_DATE('20/06/2026', 'DD/MM/YYYY'), '21:00', 'ZCKCRGKT226000041', 'KART-26', NULL, 'VULCANO_CIRCUIT'); 

 

INSERT INTO "TELEMETRIA" VALUES (2, INTERVAL '0 00:01:46.100' DAY TO SECOND, 2, TO_DATE('20/06/2026', 'DD/MM/YYYY'), '21:00', 'ZCKCRGKT226000042', 'KART-27', NULL, 'VULCANO_CIRCUIT'); 

 

INSERT INTO "TELEMETRIA" VALUES (2, INTERVAL '0 00:01:46.500' DAY TO SECOND, 3, TO_DATE('20/06/2026', 'DD/MM/YYYY'), '21:00', 'ZCKCRGKT226000043', 'KART-28', NULL, 'VULCANO_CIRCUIT'); 

 

INSERT INTO "TELEMETRIA" VALUES (2, INTERVAL '0 00:01:47.100' DAY TO SECOND, 4, TO_DATE('20/06/2026', 'DD/MM/YYYY'), '21:00', 'ZCKCRGKT226000044', 'KART-29', NULL, 'VULCANO_CIRCUIT'); 

 

INSERT INTO "TELEMETRIA" VALUES (2, INTERVAL '0 00:01:47.300' DAY TO SECOND, 5, TO_DATE('20/06/2026', 'DD/MM/YYYY'), '21:00', 'ZCKCRGCEN26000001', 'KART-01', NULL, 'VULCANO_CIRCUIT'); 

 

INSERT INTO "TELEMETRIA" VALUES (2, INTERVAL '0 00:01:47.800' DAY TO SECOND, 6, TO_DATE('20/06/2026', 'DD/MM/YYYY'), '21:00', 'ZCKCRGKT226000045', 'KART-30', NULL, 'VULCANO_CIRCUIT'); 

 

INSERT INTO "TELEMETRIA" VALUES (3, INTERVAL '0 00:01:45.300' DAY TO SECOND, 1, TO_DATE('20/06/2026', 'DD/MM/YYYY'), '21:00', 'ZCKCRGKT226000041', 'KART-26', NULL, 'VULCANO_CIRCUIT'); 

 

INSERT INTO "TELEMETRIA" VALUES (3, INTERVAL '0 00:01:45.700' DAY TO SECOND, 2, TO_DATE('20/06/2026', 'DD/MM/YYYY'), '21:00', 'ZCKCRGKT226000042', 'KART-27', NULL, 'VULCANO_CIRCUIT'); 

 

INSERT INTO "TELEMETRIA" VALUES (3, INTERVAL '0 00:01:46.100' DAY TO SECOND, 3, TO_DATE('20/06/2026', 'DD/MM/YYYY'), '21:00', 'ZCKCRGKT226000043', 'KART-28', NULL, 'VULCANO_CIRCUIT'); 

 

INSERT INTO "TELEMETRIA" VALUES (3, INTERVAL '0 00:01:46.700' DAY TO SECOND, 4, TO_DATE('20/06/2026', 'DD/MM/YYYY'), '21:00', 'ZCKCRGKT226000044', 'KART-29', NULL, 'VULCANO_CIRCUIT'); 

 

INSERT INTO "TELEMETRIA" VALUES (3, INTERVAL '0 00:01:46.900' DAY TO SECOND, 5, TO_DATE('20/06/2026', 'DD/MM/YYYY'), '21:00', 'ZCKCRGCEN26000001', 'KART-01', NULL, 'VULCANO_CIRCUIT'); 

 

INSERT INTO "TELEMETRIA" VALUES (3, INTERVAL '0 00:01:47.300' DAY TO SECOND, 6, TO_DATE('20/06/2026', 'DD/MM/YYYY'), '21:00', 'ZCKCRGKT226000045', 'KART-30', NULL, 'VULCANO_CIRCUIT'); 

 

INSERT INTO "TELEMETRIA" VALUES (4, INTERVAL '0 00:01:44.900' DAY TO SECOND, 1, TO_DATE('20/06/2026', 'DD/MM/YYYY'), '21:00', 'ZCKCRGKT226000041', 'KART-26', NULL, 'VULCANO_CIRCUIT'); 

 

INSERT INTO "TELEMETRIA" VALUES (4, INTERVAL '0 00:01:45.400' DAY TO SECOND, 2, TO_DATE('20/06/2026', 'DD/MM/YYYY'), '21:00', 'ZCKCRGKT226000042', 'KART-27', NULL, 'VULCANO_CIRCUIT'); 

 

INSERT INTO "TELEMETRIA" VALUES (4, INTERVAL '0 00:01:45.800' DAY TO SECOND, 3, TO_DATE('20/06/2026', 'DD/MM/YYYY'), '21:00', 'ZCKCRGKT226000043', 'KART-28', NULL, 'VULCANO_CIRCUIT'); 

 

INSERT INTO "TELEMETRIA" VALUES (4, INTERVAL '0 00:01:46.400' DAY TO SECOND, 4, TO_DATE('20/06/2026', 'DD/MM/YYYY'), '21:00', 'ZCKCRGKT226000044', 'KART-29', NULL, 'VULCANO_CIRCUIT'); 

 

INSERT INTO "TELEMETRIA" VALUES (4, INTERVAL '0 00:01:46.500' DAY TO SECOND, 5, TO_DATE('20/06/2026', 'DD/MM/YYYY'), '21:00', 'ZCKCRGCEN26000001', 'KART-01', NULL, 'VULCANO_CIRCUIT'); 

 

INSERT INTO "TELEMETRIA" VALUES (4, INTERVAL '0 00:01:46.900' DAY TO SECOND, 6, TO_DATE('20/06/2026', 'DD/MM/YYYY'), '21:00', 'ZCKCRGKT226000045', 'KART-30', NULL, 'VULCANO_CIRCUIT'); 

 

INSERT INTO "TELEMETRIA" VALUES (5, INTERVAL '0 00:01:44.500' DAY TO SECOND, 1, TO_DATE('20/06/2026', 'DD/MM/YYYY'), '21:00', 'ZCKCRGKT226000041', 'KART-26', NULL, 'VULCANO_CIRCUIT'); 

 

INSERT INTO "TELEMETRIA" VALUES (5, INTERVAL '0 00:01:45.000' DAY TO SECOND, 2, TO_DATE('20/06/2026', 'DD/MM/YYYY'), '21:00', 'ZCKCRGKT226000042', 'KART-27', NULL, 'VULCANO_CIRCUIT'); 

 

INSERT INTO "TELEMETRIA" VALUES (5, INTERVAL '0 00:01:45.400' DAY TO SECOND, 3, TO_DATE('20/06/2026', 'DD/MM/YYYY'), '21:00', 'ZCKCRGKT226000043', 'KART-28', NULL, 'VULCANO_CIRCUIT'); 

 

INSERT INTO "TELEMETRIA" VALUES (5, INTERVAL '0 00:01:46.000' DAY TO SECOND, 4, TO_DATE('20/06/2026', 'DD/MM/YYYY'), '21:00', 'ZCKCRGKT226000044', 'KART-29', NULL, 'VULCANO_CIRCUIT'); 

 

INSERT INTO "TELEMETRIA" VALUES (5, INTERVAL '0 00:01:46.200' DAY TO SECOND, 5, TO_DATE('20/06/2026', 'DD/MM/YYYY'), '21:00', 'ZCKCRGCEN26000001', 'KART-01', NULL, 'VULCANO_CIRCUIT'); 

 

INSERT INTO "TELEMETRIA" VALUES (5, INTERVAL '0 00:01:46.600' DAY TO SECOND, 6, TO_DATE('20/06/2026', 'DD/MM/YYYY'), '21:00', 'ZCKCRGKT226000045', 'KART-30', NULL, 'VULCANO_CIRCUIT'); 

 

 

-- 5. GARA: 20/06/2026 21:15 - TAMBURRELLO_CIRCUIT (Amatoriale - 4 Piloti - 8 Giri) 

 

INSERT INTO "TELEMETRIA" VALUES (1, INTERVAL '0 00:01:15.500' DAY TO SECOND, 1, TO_DATE('20/06/2026', 'DD/MM/YYYY'), '21:15', 'ZCKTONYKT26000034', 'KART-23', NULL, 'TAMBURRELLO_CIRCUIT'); 

 

INSERT INTO "TELEMETRIA" VALUES (1, INTERVAL '0 00:01:16.200' DAY TO SECOND, 2, TO_DATE('20/06/2026', 'DD/MM/YYYY'), '21:15', 'ZCKTONYKT26000035', 'KART-24', NULL, 'TAMBURRELLO_CIRCUIT'); 

 

INSERT INTO "TELEMETRIA" VALUES (1, INTERVAL '0 00:01:16.800' DAY TO SECOND, 3, TO_DATE('20/06/2026', 'DD/MM/YYYY'), '21:15', 'ZCKTONYKT26000036', 'KART-25', NULL, 'TAMBURRELLO_CIRCUIT'); 

 

INSERT INTO "TELEMETRIA" VALUES (1, INTERVAL '0 00:01:17.300' DAY TO SECOND, 4, TO_DATE('20/06/2026', 'DD/MM/YYYY'), '21:15', 'ZCKCRGCEN26000002', 'KART-02', NULL, 'TAMBURRELLO_CIRCUIT'); 

 

INSERT INTO "TELEMETRIA" VALUES (2, INTERVAL '0 00:01:15.100' DAY TO SECOND, 1, TO_DATE('20/06/2026', 'DD/MM/YYYY'), '21:15', 'ZCKTONYKT26000034', 'KART-23', NULL, 'TAMBURRELLO_CIRCUIT'); 

 

INSERT INTO "TELEMETRIA" VALUES (2, INTERVAL '0 00:01:15.600' DAY TO SECOND, 2, TO_DATE('20/06/2026', 'DD/MM/YYYY'), '21:15', 'ZCKTONYKT26000035', 'KART-24', NULL, 'TAMBURRELLO_CIRCUIT'); 

 

INSERT INTO "TELEMETRIA" VALUES (2, INTERVAL '0 00:01:16.200' DAY TO SECOND, 3, TO_DATE('20/06/2026', 'DD/MM/YYYY'), '21:15', 'ZCKTONYKT26000036', 'KART-25', NULL, 'TAMBURRELLO_CIRCUIT'); 

 

INSERT INTO "TELEMETRIA" VALUES (2, INTERVAL '0 00:01:16.800' DAY TO SECOND, 4, TO_DATE('20/06/2026', 'DD/MM/YYYY'), '21:15', 'ZCKCRGCEN26000002', 'KART-02', NULL, 'TAMBURRELLO_CIRCUIT'); 

 

INSERT INTO "TELEMETRIA" VALUES (3, INTERVAL '0 00:01:14.800' DAY TO SECOND, 1, TO_DATE('20/06/2026', 'DD/MM/YYYY'), '21:15', 'ZCKTONYKT26000034', 'KART-23', NULL, 'TAMBURRELLO_CIRCUIT'); 

 

INSERT INTO "TELEMETRIA" VALUES (3, INTERVAL '0 00:01:15.300' DAY TO SECOND, 2, TO_DATE('20/06/2026', 'DD/MM/YYYY'), '21:15', 'ZCKTONYKT26000035', 'KART-24', NULL, 'TAMBURRELLO_CIRCUIT'); 

 

INSERT INTO "TELEMETRIA" VALUES (3, INTERVAL '0 00:01:15.900' DAY TO SECOND, 3, TO_DATE('20/06/2026', 'DD/MM/YYYY'), '21:15', 'ZCKTONYKT26000036', 'KART-25', NULL, 'TAMBURRELLO_CIRCUIT'); 

 

INSERT INTO "TELEMETRIA" VALUES (3, INTERVAL '0 00:01:16.500' DAY TO SECOND, 4, TO_DATE('20/06/2026', 'DD/MM/YYYY'), '21:15', 'ZCKCRGCEN26000002', 'KART-02', NULL, 'TAMBURRELLO_CIRCUIT'); 

 

INSERT INTO "TELEMETRIA" VALUES (4, INTERVAL '0 00:01:14.500' DAY TO SECOND, 1, TO_DATE('20/06/2026', 'DD/MM/YYYY'), '21:15', 'ZCKTONYKT26000034', 'KART-23', NULL, 'TAMBURRELLO_CIRCUIT'); 

 

INSERT INTO "TELEMETRIA" VALUES (4, INTERVAL '0 00:01:15.000' DAY TO SECOND, 2, TO_DATE('20/06/2026', 'DD/MM/YYYY'), '21:15', 'ZCKTONYKT26000035', 'KART-24', NULL, 'TAMBURRELLO_CIRCUIT'); 

 

INSERT INTO "TELEMETRIA" VALUES (4, INTERVAL '0 00:01:15.600' DAY TO SECOND, 3, TO_DATE('20/06/2026', 'DD/MM/YYYY'), '21:15', 'ZCKTONYKT26000036', 'KART-25', NULL, 'TAMBURRELLO_CIRCUIT'); 

 

INSERT INTO "TELEMETRIA" VALUES (4, INTERVAL '0 00:01:16.200' DAY TO SECOND, 4, TO_DATE('20/06/2026', 'DD/MM/YYYY'), '21:15', 'ZCKCRGCEN26000002', 'KART-02', NULL, 'TAMBURRELLO_CIRCUIT'); 

 

INSERT INTO "TELEMETRIA" VALUES (5, INTERVAL '0 00:01:14.200' DAY TO SECOND, 1, TO_DATE('20/06/2026', 'DD/MM/YYYY'), '21:15', 'ZCKTONYKT26000034', 'KART-23', NULL, 'TAMBURRELLO_CIRCUIT'); 

 

INSERT INTO "TELEMETRIA" VALUES (5, INTERVAL '0 00:01:14.700' DAY TO SECOND, 2, TO_DATE('20/06/2026', 'DD/MM/YYYY'), '21:15', 'ZCKTONYKT26000035', 'KART-24', NULL, 'TAMBURRELLO_CIRCUIT'); 

 

INSERT INTO "TELEMETRIA" VALUES (5, INTERVAL '0 00:01:15.300' DAY TO SECOND, 3, TO_DATE('20/06/2026', 'DD/MM/YYYY'), '21:15', 'ZCKTONYKT26000036', 'KART-25', NULL, 'TAMBURRELLO_CIRCUIT'); 

 

INSERT INTO "TELEMETRIA" VALUES (5, INTERVAL '0 00:01:15.800' DAY TO SECOND, 4, TO_DATE('20/06/2026', 'DD/MM/YYYY'), '21:15', 'ZCKCRGCEN26000002', 'KART-02', NULL, 'TAMBURRELLO_CIRCUIT'); 

 

INSERT INTO "TELEMETRIA" VALUES (6, INTERVAL '0 00:01:14.000' DAY TO SECOND, 1, TO_DATE('20/06/2026', 'DD/MM/YYYY'), '21:15', 'ZCKTONYKT26000034', 'KART-23', NULL, 'TAMBURRELLO_CIRCUIT'); 

 

INSERT INTO "TELEMETRIA" VALUES (6, INTERVAL '0 00:01:14.500' DAY TO SECOND, 2, TO_DATE('20/06/2026', 'DD/MM/YYYY'), '21:15', 'ZCKTONYKT26000035', 'KART-24', NULL, 'TAMBURRELLO_CIRCUIT'); 

 

INSERT INTO "TELEMETRIA" VALUES (6, INTERVAL '0 00:01:15.000' DAY TO SECOND, 3, TO_DATE('20/06/2026', 'DD/MM/YYYY'), '21:15', 'ZCKTONYKT26000036', 'KART-25', NULL, 'TAMBURRELLO_CIRCUIT'); 

 

INSERT INTO "TELEMETRIA" VALUES (6, INTERVAL '0 00:01:15.500' DAY TO SECOND, 4, TO_DATE('20/06/2026', 'DD/MM/YYYY'), '21:15', 'ZCKCRGCEN26000002', 'KART-02', NULL, 'TAMBURRELLO_CIRCUIT'); 

 

INSERT INTO "TELEMETRIA" VALUES (7, INTERVAL '0 00:01:13.900' DAY TO SECOND, 1, TO_DATE('20/06/2026', 'DD/MM/YYYY'), '21:15', 'ZCKTONYKT26000034', 'KART-23', NULL, 'TAMBURRELLO_CIRCUIT'); 

 

INSERT INTO "TELEMETRIA" VALUES (7, INTERVAL '0 00:01:14.300' DAY TO SECOND, 2, TO_DATE('20/06/2026', 'DD/MM/YYYY'), '21:15', 'ZCKTONYKT26000035', 'KART-24', NULL, 'TAMBURRELLO_CIRCUIT'); 

 

INSERT INTO "TELEMETRIA" VALUES (7, INTERVAL '0 00:01:14.800' DAY TO SECOND, 3, TO_DATE('20/06/2026', 'DD/MM/YYYY'), '21:15', 'ZCKTONYKT26000036', 'KART-25', NULL, 'TAMBURRELLO_CIRCUIT'); 

 

INSERT INTO "TELEMETRIA" VALUES (7, INTERVAL '0 00:01:15.300' DAY TO SECOND, 4, TO_DATE('20/06/2026', 'DD/MM/YYYY'), '21:15', 'ZCKCRGCEN26000002', 'KART-02', NULL, 'TAMBURRELLO_CIRCUIT'); 

 

INSERT INTO "TELEMETRIA" VALUES (8, INTERVAL '0 00:01:13.700' DAY TO SECOND, 1, TO_DATE('20/06/2026', 'DD/MM/YYYY'), '21:15', 'ZCKTONYKT26000034', 'KART-23', NULL, 'TAMBURRELLO_CIRCUIT'); 

 

INSERT INTO "TELEMETRIA" VALUES (8, INTERVAL '0 00:01:14.100' DAY TO SECOND, 2, TO_DATE('20/06/2026', 'DD/MM/YYYY'), '21:15', 'ZCKTONYKT26000035', 'KART-24', NULL, 'TAMBURRELLO_CIRCUIT'); 

 

INSERT INTO "TELEMETRIA" VALUES (8, INTERVAL '0 00:01:14.600' DAY TO SECOND, 3, TO_DATE('20/06/2026', 'DD/MM/YYYY'), '21:15', 'ZCKTONYKT26000036', 'KART-25', NULL, 'TAMBURRELLO_CIRCUIT'); 

 

INSERT INTO "TELEMETRIA" VALUES (8, INTERVAL '0 00:01:15.100' DAY TO SECOND, 4, TO_DATE('20/06/2026', 'DD/MM/YYYY'), '21:15', 'ZCKCRGCEN26000002', 'KART-02', NULL, 'TAMBURRELLO_CIRCUIT'); 

 

 

-- 6. GARA: 27/06/2026 15:00 - TAMBURRELLO_CIRCUIT (Amatoriale - 8 Piloti - 6 Giri) 

 

INSERT INTO "TELEMETRIA" VALUES (1, INTERVAL '0 00:01:15.300' DAY TO SECOND, 1, TO_DATE('27/06/2026', 'DD/MM/YYYY'), '15:00', 'ZCKCRGCEN26000001', 'KART-01', NULL, 'TAMBURRELLO_CIRCUIT'); 

 

INSERT INTO "TELEMETRIA" VALUES (1, INTERVAL '0 00:01:15.900' DAY TO SECOND, 2, TO_DATE('27/06/2026', 'DD/MM/YYYY'), '15:00', 'ZCKCRGCEN26000002', 'KART-02', NULL, 'TAMBURRELLO_CIRCUIT'); 

 

INSERT INTO "TELEMETRIA" VALUES (1, INTERVAL '0 00:01:16.300' DAY TO SECOND, 3, TO_DATE('27/06/2026', 'DD/MM/YYYY'), '15:00', 'ZCKCRGCEN26000003', 'KART-03', NULL, 'TAMBURRELLO_CIRCUIT'); 

 

INSERT INTO "TELEMETRIA" VALUES (1, INTERVAL '0 00:01:16.700' DAY TO SECOND, 4, TO_DATE('27/06/2026', 'DD/MM/YYYY'), '15:00', 'ZCKCRGCEN26000004', 'KART-04', NULL, 'TAMBURRELLO_CIRCUIT'); 

 

INSERT INTO "TELEMETRIA" VALUES (1, INTERVAL '0 00:01:17.100' DAY TO SECOND, 5, TO_DATE('27/06/2026', 'DD/MM/YYYY'), '15:00', 'ZCKCRGCEN26000005', 'KART-05', NULL, 'TAMBURRELLO_CIRCUIT'); 

 

INSERT INTO "TELEMETRIA" VALUES (1, INTERVAL '0 00:01:17.500' DAY TO SECOND, 6, TO_DATE('27/06/2026', 'DD/MM/YYYY'), '15:00', 'ZCKCRGCEN26000006', 'KART-06', NULL, 'TAMBURRELLO_CIRCUIT'); 

 

INSERT INTO "TELEMETRIA" VALUES (1, INTERVAL '0 00:01:17.900' DAY TO SECOND, 7, TO_DATE('27/06/2026', 'DD/MM/YYYY'), '15:00', 'ZCKCRGCEN26000007', 'KART-07', NULL, 'TAMBURRELLO_CIRCUIT'); 

 

INSERT INTO "TELEMETRIA" VALUES (1, INTERVAL '0 00:01:18.400' DAY TO SECOND, 8, TO_DATE('27/06/2026', 'DD/MM/YYYY'), '15:00', 'ZCKCRGCEN26000008', 'KART-08', NULL, 'TAMBURRELLO_CIRCUIT'); 

 

INSERT INTO "TELEMETRIA" VALUES (2, INTERVAL '0 00:01:14.800' DAY TO SECOND, 1, TO_DATE('27/06/2026', 'DD/MM/YYYY'), '15:00', 'ZCKCRGCEN26000001', 'KART-01', NULL, 'TAMBURRELLO_CIRCUIT'); 

 

INSERT INTO "TELEMETRIA" VALUES (2, INTERVAL '0 00:01:15.400' DAY TO SECOND, 2, TO_DATE('27/06/2026', 'DD/MM/YYYY'), '15:00', 'ZCKCRGCEN26000002', 'KART-02', NULL, 'TAMBURRELLO_CIRCUIT'); 

 

INSERT INTO "TELEMETRIA" VALUES (2, INTERVAL '0 00:01:15.900' DAY TO SECOND, 3, TO_DATE('27/06/2026', 'DD/MM/YYYY'), '15:00', 'ZCKCRGCEN26000003', 'KART-03', NULL, 'TAMBURRELLO_CIRCUIT'); 

 

INSERT INTO "TELEMETRIA" VALUES (2, INTERVAL '0 00:01:16.200' DAY TO SECOND, 4, TO_DATE('27/06/2026', 'DD/MM/YYYY'), '15:00', 'ZCKCRGCEN26000004', 'KART-04', NULL, 'TAMBURRELLO_CIRCUIT'); 

 

INSERT INTO "TELEMETRIA" VALUES (2, INTERVAL '0 00:01:16.800' DAY TO SECOND, 5, TO_DATE('27/06/2026', 'DD/MM/YYYY'), '15:00', 'ZCKCRGCEN26000005', 'KART-05', NULL, 'TAMBURRELLO_CIRCUIT'); 

 

INSERT INTO "TELEMETRIA" VALUES (2, INTERVAL '0 00:01:17.100' DAY TO SECOND, 6, TO_DATE('27/06/2026', 'DD/MM/YYYY'), '15:00', 'ZCKCRGCEN26000006', 'KART-06', NULL, 'TAMBURRELLO_CIRCUIT'); 

 

INSERT INTO "TELEMETRIA" VALUES (2, INTERVAL '0 00:01:17.500' DAY TO SECOND, 7, TO_DATE('27/06/2026', 'DD/MM/YYYY'), '15:00', 'ZCKCRGCEN26000007', 'KART-07', NULL, 'TAMBURRELLO_CIRCUIT'); 

 

INSERT INTO "TELEMETRIA" VALUES (2, INTERVAL '0 00:01:18.000' DAY TO SECOND, 8, TO_DATE('27/06/2026', 'DD/MM/YYYY'), '15:00', 'ZCKCRGCEN26000008', 'KART-08', NULL, 'TAMBURRELLO_CIRCUIT'); 

 

INSERT INTO "TELEMETRIA" VALUES (3, INTERVAL '0 00:01:14.600' DAY TO SECOND, 1, TO_DATE('27/06/2026', 'DD/MM/YYYY'), '15:00', 'ZCKCRGCEN26000001', 'KART-01', NULL, 'TAMBURRELLO_CIRCUIT'); 

 

INSERT INTO "TELEMETRIA" VALUES (3, INTERVAL '0 00:01:15.200' DAY TO SECOND, 2, TO_DATE('27/06/2026', 'DD/MM/YYYY'), '15:00', 'ZCKCRGCEN26000002', 'KART-02', NULL, 'TAMBURRELLO_CIRCUIT'); 

 

INSERT INTO "TELEMETRIA" VALUES (3, INTERVAL '0 00:01:15.700' DAY TO SECOND, 3, TO_DATE('27/06/2026', 'DD/MM/YYYY'), '15:00', 'ZCKCRGCEN26000003', 'KART-03', NULL, 'TAMBURRELLO_CIRCUIT'); 

 

INSERT INTO "TELEMETRIA" VALUES (3, INTERVAL '0 00:01:16.000' DAY TO SECOND, 4, TO_DATE('27/06/2026', 'DD/MM/YYYY'), '15:00', 'ZCKCRGCEN26000004', 'KART-04', NULL, 'TAMBURRELLO_CIRCUIT'); 

 

INSERT INTO "TELEMETRIA" VALUES (3, INTERVAL '0 00:01:16.500' DAY TO SECOND, 5, TO_DATE('27/06/2026', 'DD/MM/YYYY'), '15:00', 'ZCKCRGCEN26000005', 'KART-05', NULL, 'TAMBURRELLO_CIRCUIT'); 

 

INSERT INTO "TELEMETRIA" VALUES (3, INTERVAL '0 00:01:16.900' DAY TO SECOND, 6, TO_DATE('27/06/2026', 'DD/MM/YYYY'), '15:00', 'ZCKCRGCEN26000006', 'KART-06', NULL, 'TAMBURRELLO_CIRCUIT'); 

 

INSERT INTO "TELEMETRIA" VALUES (3, INTERVAL '0 00:01:17.300' DAY TO SECOND, 7, TO_DATE('27/06/2026', 'DD/MM/YYYY'), '15:00', 'ZCKCRGCEN26000007', 'KART-07', NULL, 'TAMBURRELLO_CIRCUIT'); 

 

INSERT INTO "TELEMETRIA" VALUES (3, INTERVAL '0 00:01:17.700' DAY TO SECOND, 8, TO_DATE('27/06/2026', 'DD/MM/YYYY'), '15:00', 'ZCKCRGCEN26000008', 'KART-08', NULL, 'TAMBURRELLO_CIRCUIT'); 

 

INSERT INTO "TELEMETRIA" VALUES (4, INTERVAL '0 00:01:14.400' DAY TO SECOND, 1, TO_DATE('27/06/2026', 'DD/MM/YYYY'), '15:00', 'ZCKCRGCEN26000001', 'KART-01', NULL, 'TAMBURRELLO_CIRCUIT'); 

 

INSERT INTO "TELEMETRIA" VALUES (4, INTERVAL '0 00:01:14.900' DAY TO SECOND, 2, TO_DATE('27/06/2026', 'DD/MM/YYYY'), '15:00', 'ZCKCRGCEN26000002', 'KART-02', NULL, 'TAMBURRELLO_CIRCUIT'); 

 

INSERT INTO "TELEMETRIA" VALUES (4, INTERVAL '0 00:01:15.400' DAY TO SECOND, 3, TO_DATE('27/06/2026', 'DD/MM/YYYY'), '15:00', 'ZCKCRGCEN26000003', 'KART-03', NULL, 'TAMBURRELLO_CIRCUIT'); 

 

INSERT INTO "TELEMETRIA" VALUES (4, INTERVAL '0 00:01:15.800' DAY TO SECOND, 4, TO_DATE('27/06/2026', 'DD/MM/YYYY'), '15:00', 'ZCKCRGCEN26000004', 'KART-04', NULL, 'TAMBURRELLO_CIRCUIT'); 

 

INSERT INTO "TELEMETRIA" VALUES (4, INTERVAL '0 00:01:16.200' DAY TO SECOND, 5, TO_DATE('27/06/2026', 'DD/MM/YYYY'), '15:00', 'ZCKCRGCEN26000005', 'KART-05', NULL, 'TAMBURRELLO_CIRCUIT'); 

 

INSERT INTO "TELEMETRIA" VALUES (4, INTERVAL '0 00:01:16.700' DAY TO SECOND, 6, TO_DATE('27/06/2026', 'DD/MM/YYYY'), '15:00', 'ZCKCRGCEN26000006', 'KART-06', NULL, 'TAMBURRELLO_CIRCUIT'); 

 

INSERT INTO "TELEMETRIA" VALUES (4, INTERVAL '0 00:01:17.000' DAY TO SECOND, 7, TO_DATE('27/06/2026', 'DD/MM/YYYY'), '15:00', 'ZCKCRGCEN26000007', 'KART-07', NULL, 'TAMBURRELLO_CIRCUIT'); 

 

INSERT INTO "TELEMETRIA" VALUES (4, INTERVAL '0 00:01:17.400' DAY TO SECOND, 8, TO_DATE('27/06/2026', 'DD/MM/YYYY'), '15:00', 'ZCKCRGCEN26000008', 'KART-08', NULL, 'TAMBURRELLO_CIRCUIT'); 

 

INSERT INTO "TELEMETRIA" VALUES (5, INTERVAL '0 00:01:14.200' DAY TO SECOND, 1, TO_DATE('27/06/2026', 'DD/MM/YYYY'), '15:00', 'ZCKCRGCEN26000001', 'KART-01', NULL, 'TAMBURRELLO_CIRCUIT'); 

 

INSERT INTO "TELEMETRIA" VALUES (5, INTERVAL '0 00:01:14.700' DAY TO SECOND, 2, TO_DATE('27/06/2026', 'DD/MM/YYYY'), '15:00', 'ZCKCRGCEN26000002', 'KART-02', NULL, 'TAMBURRELLO_CIRCUIT'); 

 

INSERT INTO "TELEMETRIA" VALUES (5, INTERVAL '0 00:01:15.200' DAY TO SECOND, 3, TO_DATE('27/06/2026', 'DD/MM/YYYY'), '15:00', 'ZCKCRGCEN26000003', 'KART-03', NULL, 'TAMBURRELLO_CIRCUIT'); 

 

INSERT INTO "TELEMETRIA" VALUES (5, INTERVAL '0 00:01:15.600' DAY TO SECOND, 4, TO_DATE('27/06/2026', 'DD/MM/YYYY'), '15:00', 'ZCKCRGCEN26000004', 'KART-04', NULL, 'TAMBURRELLO_CIRCUIT'); 

 

INSERT INTO "TELEMETRIA" VALUES (5, INTERVAL '0 00:01:16.000' DAY TO SECOND, 5, TO_DATE('27/06/2026', 'DD/MM/YYYY'), '15:00', 'ZCKCRGCEN26000005', 'KART-05', NULL, 'TAMBURRELLO_CIRCUIT'); 

 

INSERT INTO "TELEMETRIA" VALUES (5, INTERVAL '0 00:01:16.400' DAY TO SECOND, 6, TO_DATE('27/06/2026', 'DD/MM/YYYY'), '15:00', 'ZCKCRGCEN26000006', 'KART-06', NULL, 'TAMBURRELLO_CIRCUIT'); 

 

INSERT INTO "TELEMETRIA" VALUES (5, INTERVAL '0 00:01:16.800' DAY TO SECOND, 7, TO_DATE('27/06/2026', 'DD/MM/YYYY'), '15:00', 'ZCKCRGCEN26000007', 'KART-07', NULL, 'TAMBURRELLO_CIRCUIT'); 

 

INSERT INTO "TELEMETRIA" VALUES (5, INTERVAL '0 00:01:17.200' DAY TO SECOND, 8, TO_DATE('27/06/2026', 'DD/MM/YYYY'), '15:00', 'ZCKCRGCEN26000008', 'KART-08', NULL, 'TAMBURRELLO_CIRCUIT'); 

 

INSERT INTO "TELEMETRIA" VALUES (6, INTERVAL '0 00:01:14.000' DAY TO SECOND, 1, TO_DATE('27/06/2026', 'DD/MM/YYYY'), '15:00', 'ZCKCRGCEN26000001', 'KART-01', NULL, 'TAMBURRELLO_CIRCUIT'); 

 

INSERT INTO "TELEMETRIA" VALUES (6, INTERVAL '0 00:01:14.500' DAY TO SECOND, 2, TO_DATE('27/06/2026', 'DD/MM/YYYY'), '15:00', 'ZCKCRGCEN26000002', 'KART-02', NULL, 'TAMBURRELLO_CIRCUIT'); 

 

INSERT INTO "TELEMETRIA" VALUES (6, INTERVAL '0 00:01:15.000' DAY TO SECOND, 3, TO_DATE('27/06/2026', 'DD/MM/YYYY'), '15:00', 'ZCKCRGCEN26000003', 'KART-03', NULL, 'TAMBURRELLO_CIRCUIT'); 

 

INSERT INTO "TELEMETRIA" VALUES (6, INTERVAL '0 00:01:15.300' DAY TO SECOND, 4, TO_DATE('27/06/2026', 'DD/MM/YYYY'), '15:00', 'ZCKCRGCEN26000004', 'KART-04', NULL, 'TAMBURRELLO_CIRCUIT'); 

 

INSERT INTO "TELEMETRIA" VALUES (6, INTERVAL '0 00:01:15.800' DAY TO SECOND, 5, TO_DATE('27/06/2026', 'DD/MM/YYYY'), '15:00', 'ZCKCRGCEN26000005', 'KART-05', NULL, 'TAMBURRELLO_CIRCUIT'); 

 

INSERT INTO "TELEMETRIA" VALUES (6, INTERVAL '0 00:01:16.100' DAY TO SECOND, 6, TO_DATE('27/06/2026', 'DD/MM/YYYY'), '15:00', 'ZCKCRGCEN26000006', 'KART-06', NULL, 'TAMBURRELLO_CIRCUIT'); 

 

INSERT INTO "TELEMETRIA" VALUES (6, INTERVAL '0 00:01:16.500' DAY TO SECOND, 7, TO_DATE('27/06/2026', 'DD/MM/YYYY'), '15:00', 'ZCKCRGCEN26000007', 'KART-07', NULL, 'TAMBURRELLO_CIRCUIT'); 

 

INSERT INTO "TELEMETRIA" VALUES (6, INTERVAL '0 00:01:16.900' DAY TO SECOND, 8, TO_DATE('27/06/2026', 'DD/MM/YYYY'), '15:00', 'ZCKCRGCEN26000008', 'KART-08', NULL, 'TAMBURRELLO_CIRCUIT'); 

 

 

-- 7. GARA: 04/07/2026 11:30 - VULCANO_CIRCUIT (PRO RACE WSK CAMPIONATO - TUTTI I 22 PILOTI - 5 Giri) 

 

INSERT INTO "TELEMETRIA" VALUES (1, INTERVAL '0 00:01:45.100' DAY TO SECOND, 1, TO_DATE('04/07/2026', 'DD/MM/YYYY'), '11:30', NULL, NULL, 'FIA-VER-01', 'VULCANO_CIRCUIT'); 

 

INSERT INTO "TELEMETRIA" VALUES (1, INTERVAL '0 00:01:45.300' DAY TO SECOND, 2, TO_DATE('04/07/2026', 'DD/MM/YYYY'), '11:30', NULL, NULL, 'FIA-LEC-16', 'VULCANO_CIRCUIT'); 

 

INSERT INTO "TELEMETRIA" VALUES (1, INTERVAL '0 00:01:45.500' DAY TO SECOND, 3, TO_DATE('04/07/2026', 'DD/MM/YYYY'), '11:30', NULL, NULL, 'FIA-NOR-04', 'VULCANO_CIRCUIT'); 

 

INSERT INTO "TELEMETRIA" VALUES (1, INTERVAL '0 00:01:45.800' DAY TO SECOND, 4, TO_DATE('04/07/2026', 'DD/MM/YYYY'), '11:30', NULL, NULL, 'FIA-HAM-44', 'VULCANO_CIRCUIT'); 

 

INSERT INTO "TELEMETRIA" VALUES (1, INTERVAL '0 00:01:46.000' DAY TO SECOND, 5, TO_DATE('04/07/2026', 'DD/MM/YYYY'), '11:30', NULL, NULL, 'FIA-PIA-81', 'VULCANO_CIRCUIT'); 

 

INSERT INTO "TELEMETRIA" VALUES (1, INTERVAL '0 00:01:46.200' DAY TO SECOND, 6, TO_DATE('04/07/2026', 'DD/MM/YYYY'), '11:30', NULL, NULL, 'FIA-SAI-55', 'VULCANO_CIRCUIT'); 

 

INSERT INTO "TELEMETRIA" VALUES (1, INTERVAL '0 00:01:46.300' DAY TO SECOND, 7, TO_DATE('04/07/2026', 'DD/MM/YYYY'), '11:30', NULL, NULL, 'FIA-RUS-63', 'VULCANO_CIRCUIT'); 

 

INSERT INTO "TELEMETRIA" VALUES (1, INTERVAL '0 00:01:46.500' DAY TO SECOND, 8, TO_DATE('04/07/2026', 'DD/MM/YYYY'), '11:30', NULL, NULL, 'FIA-ALO-14', 'VULCANO_CIRCUIT'); 

 

INSERT INTO "TELEMETRIA" VALUES (1, INTERVAL '0 00:01:46.800' DAY TO SECOND, 9, TO_DATE('04/07/2026', 'DD/MM/YYYY'), '11:30', NULL, NULL, 'FIA-PER-11', 'VULCANO_CIRCUIT'); 

 

INSERT INTO "TELEMETRIA" VALUES (1, INTERVAL '0 00:01:47.000' DAY TO SECOND, 10, TO_DATE('04/07/2026', 'DD/MM/YYYY'), '11:30', NULL, NULL, 'FIA-STR-18', 'VULCANO_CIRCUIT'); 

 

INSERT INTO "TELEMETRIA" VALUES (1, INTERVAL '0 00:01:47.300' DAY TO SECOND, 11, TO_DATE('04/07/2026', 'DD/MM/YYYY'), '11:30', NULL, NULL, 'FIA-GAS-10', 'VULCANO_CIRCUIT'); 

 

INSERT INTO "TELEMETRIA" VALUES (1, INTERVAL '0 00:01:47.500' DAY TO SECOND, 12, TO_DATE('04/07/2026', 'DD/MM/YYYY'), '11:30', NULL, NULL, 'FIA-OCO-31', 'VULCANO_CIRCUIT'); 

 

INSERT INTO "TELEMETRIA" VALUES (1, INTERVAL '0 00:01:47.800' DAY TO SECOND, 13, TO_DATE('04/07/2026', 'DD/MM/YYYY'), '11:30', NULL, NULL, 'FIA-ALB-23', 'VULCANO_CIRCUIT'); 

 

INSERT INTO "TELEMETRIA" VALUES (1, INTERVAL '0 00:01:48.000' DAY TO SECOND, 14, TO_DATE('04/07/2026', 'DD/MM/YYYY'), '11:30', NULL, NULL, 'FIA-HUL-27', 'VULCANO_CIRCUIT'); 

 

INSERT INTO "TELEMETRIA" VALUES (1, INTERVAL '0 00:01:48.200' DAY TO SECOND, 15, TO_DATE('04/07/2026', 'DD/MM/YYYY'), '11:30', NULL, NULL, 'FIA-BOT-77', 'VULCANO_CIRCUIT'); 

 

INSERT INTO "TELEMETRIA" VALUES (1, INTERVAL '0 00:01:48.400' DAY TO SECOND, 16, TO_DATE('04/07/2026', 'DD/MM/YYYY'), '11:30', NULL, NULL, 'FIA-LAW-40', 'VULCANO_CIRCUIT'); 

 

INSERT INTO "TELEMETRIA" VALUES (1, INTERVAL '0 00:01:48.700' DAY TO SECOND, 17, TO_DATE('04/07/2026', 'DD/MM/YYYY'), '11:30', NULL, NULL, 'FIA-COL-43', 'VULCANO_CIRCUIT'); 

 

INSERT INTO "TELEMETRIA" VALUES (1, INTERVAL '0 00:01:48.900' DAY TO SECOND, 18, TO_DATE('04/07/2026', 'DD/MM/YYYY'), '11:30', NULL, NULL, 'FIA-BEA-87', 'VULCANO_CIRCUIT'); 

 

INSERT INTO "TELEMETRIA" VALUES (1, INTERVAL '0 00:01:49.100' DAY TO SECOND, 19, TO_DATE('04/07/2026', 'DD/MM/YYYY'), '11:30', NULL, NULL, 'FIA-HAD-30', 'VULCANO_CIRCUIT'); 

 

INSERT INTO "TELEMETRIA" VALUES (1, INTERVAL '0 00:01:49.300' DAY TO SECOND, 20, TO_DATE('04/07/2026', 'DD/MM/YYYY'), '11:30', NULL, NULL, 'FIA-BOR-05', 'VULCANO_CIRCUIT'); 

 

INSERT INTO "TELEMETRIA" VALUES (1, INTERVAL '0 00:01:49.600' DAY TO SECOND, 21, TO_DATE('04/07/2026', 'DD/MM/YYYY'), '11:30', NULL, NULL, 'FIA-ANT-12', 'VULCANO_CIRCUIT'); 

 

INSERT INTO "TELEMETRIA" VALUES (1, INTERVAL '0 00:01:50.000' DAY TO SECOND, 22, TO_DATE('04/07/2026', 'DD/MM/YYYY'), '11:30', NULL, NULL, 'FIA-LIN-15', 'VULCANO_CIRCUIT'); 

 

INSERT INTO "TELEMETRIA" VALUES (2, INTERVAL '0 00:01:44.800' DAY TO SECOND, 1, TO_DATE('04/07/2026', 'DD/MM/YYYY'), '11:30', NULL, NULL, 'FIA-VER-01', 'VULCANO_CIRCUIT'); 

 

INSERT INTO "TELEMETRIA" VALUES (2, INTERVAL '0 00:01:45.000' DAY TO SECOND, 2, TO_DATE('04/07/2026', 'DD/MM/YYYY'), '11:30', NULL, NULL, 'FIA-LEC-16', 'VULCANO_CIRCUIT'); 

 

INSERT INTO "TELEMETRIA" VALUES (2, INTERVAL '0 00:01:45.200' DAY TO SECOND, 3, TO_DATE('04/07/2026', 'DD/MM/YYYY'), '11:30', NULL, NULL, 'FIA-NOR-04', 'VULCANO_CIRCUIT'); 

 

INSERT INTO "TELEMETRIA" VALUES (2, INTERVAL '0 00:01:45.400' DAY TO SECOND, 4, TO_DATE('04/07/2026', 'DD/MM/YYYY'), '11:30', NULL, NULL, 'FIA-HAM-44', 'VULCANO_CIRCUIT'); 

 

INSERT INTO "TELEMETRIA" VALUES (2, INTERVAL '0 00:01:45.700' DAY TO SECOND, 5, TO_DATE('04/07/2026', 'DD/MM/YYYY'), '11:30', NULL, NULL, 'FIA-PIA-81', 'VULCANO_CIRCUIT'); 

 

INSERT INTO "TELEMETRIA" VALUES (2, INTERVAL '0 00:01:45.900' DAY TO SECOND, 6, TO_DATE('04/07/2026', 'DD/MM/YYYY'), '11:30', NULL, NULL, 'FIA-SAI-55', 'VULCANO_CIRCUIT'); 

 

INSERT INTO "TELEMETRIA" VALUES (2, INTERVAL '0 00:01:46.000' DAY TO SECOND, 7, TO_DATE('04/07/2026', 'DD/MM/YYYY'), '11:30', NULL, NULL, 'FIA-RUS-63', 'VULCANO_CIRCUIT'); 

 

INSERT INTO "TELEMETRIA" VALUES (2, INTERVAL '0 00:01:46.300' DAY TO SECOND, 8, TO_DATE('04/07/2026', 'DD/MM/YYYY'), '11:30', NULL, NULL, 'FIA-ALO-14', 'VULCANO_CIRCUIT'); 

 

INSERT INTO "TELEMETRIA" VALUES (2, INTERVAL '0 00:01:46.600' DAY TO SECOND, 9, TO_DATE('04/07/2026', 'DD/MM/YYYY'), '11:30', NULL, NULL, 'FIA-PER-11', 'VULCANO_CIRCUIT'); 

 

INSERT INTO "TELEMETRIA" VALUES (2, INTERVAL '0 00:01:46.800' DAY TO SECOND, 10, TO_DATE('04/07/2026', 'DD/MM/YYYY'), '11:30', NULL, NULL, 'FIA-STR-18', 'VULCANO_CIRCUIT'); 

 

INSERT INTO "TELEMETRIA" VALUES (2, INTERVAL '0 00:01:47.100' DAY TO SECOND, 11, TO_DATE('04/07/2026', 'DD/MM/YYYY'), '11:30', NULL, NULL, 'FIA-GAS-10', 'VULCANO_CIRCUIT'); 

 

INSERT INTO "TELEMETRIA" VALUES (2, INTERVAL '0 00:01:47.300' DAY TO SECOND, 12, TO_DATE('04/07/2026', 'DD/MM/YYYY'), '11:30', NULL, NULL, 'FIA-OCO-31', 'VULCANO_CIRCUIT'); 

 

INSERT INTO "TELEMETRIA" VALUES (2, INTERVAL '0 00:01:47.500' DAY TO SECOND, 13, TO_DATE('04/07/2026', 'DD/MM/YYYY'), '11:30', NULL, NULL, 'FIA-ALB-23', 'VULCANO_CIRCUIT'); 

 

INSERT INTO "TELEMETRIA" VALUES (2, INTERVAL '0 00:01:47.800' DAY TO SECOND, 14, TO_DATE('04/07/2026', 'DD/MM/YYYY'), '11:30', NULL, NULL, 'FIA-HUL-27', 'VULCANO_CIRCUIT'); 

 

INSERT INTO "TELEMETRIA" VALUES (2, INTERVAL '0 00:01:48.000' DAY TO SECOND, 15, TO_DATE('04/07/2026', 'DD/MM/YYYY'), '11:30', NULL, NULL, 'FIA-BOT-77', 'VULCANO_CIRCUIT'); 

 

INSERT INTO "TELEMETRIA" VALUES (2, INTERVAL '0 00:01:48.300' DAY TO SECOND, 16, TO_DATE('04/07/2026', 'DD/MM/YYYY'), '11:30', NULL, NULL, 'FIA-LAW-40', 'VULCANO_CIRCUIT'); 

 

INSERT INTO "TELEMETRIA" VALUES (2, INTERVAL '0 00:01:48.500' DAY TO SECOND, 17, TO_DATE('04/07/2026', 'DD/MM/YYYY'), '11:30', NULL, NULL, 'FIA-COL-43', 'VULCANO_CIRCUIT'); 

 

INSERT INTO "TELEMETRIA" VALUES (2, INTERVAL '0 00:01:48.700' DAY TO SECOND, 18, TO_DATE('04/07/2026', 'DD/MM/YYYY'), '11:30', NULL, NULL, 'FIA-BEA-87', 'VULCANO_CIRCUIT'); 

 

INSERT INTO "TELEMETRIA" VALUES (2, INTERVAL '0 00:01:48.900' DAY TO SECOND, 19, TO_DATE('04/07/2026', 'DD/MM/YYYY'), '11:30', NULL, NULL, 'FIA-HAD-30', 'VULCANO_CIRCUIT'); 

 

INSERT INTO "TELEMETRIA" VALUES (2, INTERVAL '0 00:01:49.100' DAY TO SECOND, 20, TO_DATE('04/07/2026', 'DD/MM/YYYY'), '11:30', NULL, NULL, 'FIA-BOR-05', 'VULCANO_CIRCUIT'); 

 

INSERT INTO "TELEMETRIA" VALUES (2, INTERVAL '0 00:01:49.400' DAY TO SECOND, 21, TO_DATE('04/07/2026', 'DD/MM/YYYY'), '11:30', NULL, NULL, 'FIA-ANT-12', 'VULCANO_CIRCUIT'); 

 

INSERT INTO "TELEMETRIA" VALUES (2, INTERVAL '0 00:01:49.800' DAY TO SECOND, 22, TO_DATE('04/07/2026', 'DD/MM/YYYY'), '11:30', NULL, NULL, 'FIA-LIN-15', 'VULCANO_CIRCUIT'); 

 

INSERT INTO "TELEMETRIA" VALUES (3, INTERVAL '0 00:01:44.500' DAY TO SECOND, 1, TO_DATE('04/07/2026', 'DD/MM/YYYY'), '11:30', NULL, NULL, 'FIA-VER-01', 'VULCANO_CIRCUIT'); 

 

INSERT INTO "TELEMETRIA" VALUES (3, INTERVAL '0 00:01:44.800' DAY TO SECOND, 2, TO_DATE('04/07/2026', 'DD/MM/YYYY'), '11:30', NULL, NULL, 'FIA-LEC-16', 'VULCANO_CIRCUIT'); 

 

INSERT INTO "TELEMETRIA" VALUES (3, INTERVAL '0 00:01:45.000' DAY TO SECOND, 3, TO_DATE('04/07/2026', 'DD/MM/YYYY'), '11:30', NULL, NULL, 'FIA-NOR-04', 'VULCANO_CIRCUIT'); 

 

INSERT INTO "TELEMETRIA" VALUES (3, INTERVAL '0 00:01:45.200' DAY TO SECOND, 4, TO_DATE('04/07/2026', 'DD/MM/YYYY'), '11:30', NULL, NULL, 'FIA-HAM-44', 'VULCANO_CIRCUIT'); 

 

INSERT INTO "TELEMETRIA" VALUES (3, INTERVAL '0 00:01:45.400' DAY TO SECOND, 5, TO_DATE('04/07/2026', 'DD/MM/YYYY'), '11:30', NULL, NULL, 'FIA-PIA-81', 'VULCANO_CIRCUIT'); 

 

INSERT INTO "TELEMETRIA" VALUES (3, INTERVAL '0 00:01:45.700' DAY TO SECOND, 6, TO_DATE('04/07/2026', 'DD/MM/YYYY'), '11:30', NULL, NULL, 'FIA-SAI-55', 'VULCANO_CIRCUIT'); 

 

INSERT INTO "TELEMETRIA" VALUES (3, INTERVAL '0 00:01:45.900' DAY TO SECOND, 7, TO_DATE('04/07/2026', 'DD/MM/YYYY'), '11:30', NULL, NULL, 'FIA-RUS-63', 'VULCANO_CIRCUIT'); 

 

INSERT INTO "TELEMETRIA" VALUES (3, INTERVAL '0 00:01:46.100' DAY TO SECOND, 8, TO_DATE('04/07/2026', 'DD/MM/YYYY'), '11:30', NULL, NULL, 'FIA-ALO-14', 'VULCANO_CIRCUIT'); 

 

INSERT INTO "TELEMETRIA" VALUES (3, INTERVAL '0 00:01:46.300' DAY TO SECOND, 9, TO_DATE('04/07/2026', 'DD/MM/YYYY'), '11:30', NULL, NULL, 'FIA-PER-11', 'VULCANO_CIRCUIT'); 

 

INSERT INTO "TELEMETRIA" VALUES (3, INTERVAL '0 00:01:46.600' DAY TO SECOND, 10, TO_DATE('04/07/2026', 'DD/MM/YYYY'), '11:30', NULL, NULL, 'FIA-STR-18', 'VULCANO_CIRCUIT'); 

 

INSERT INTO "TELEMETRIA" VALUES (3, INTERVAL '0 00:01:46.800' DAY TO SECOND, 11, TO_DATE('04/07/2026', 'DD/MM/YYYY'), '11:30', NULL, NULL, 'FIA-GAS-10', 'VULCANO_CIRCUIT'); 

 

INSERT INTO "TELEMETRIA" VALUES (3, INTERVAL '0 00:01:47.100' DAY TO SECOND, 12, TO_DATE('04/07/2026', 'DD/MM/YYYY'), '11:30', NULL, NULL, 'FIA-OCO-31', 'VULCANO_CIRCUIT'); 

 

INSERT INTO "TELEMETRIA" VALUES (3, INTERVAL '0 00:01:47.400' DAY TO SECOND, 13, TO_DATE('04/07/2026', 'DD/MM/YYYY'), '11:30', NULL, NULL, 'FIA-ALB-23', 'VULCANO_CIRCUIT'); 

 

INSERT INTO "TELEMETRIA" VALUES (3, INTERVAL '0 00:01:47.600' DAY TO SECOND, 14, TO_DATE('04/07/2026', 'DD/MM/YYYY'), '11:30', NULL, NULL, 'FIA-HUL-27', 'VULCANO_CIRCUIT'); 

 

INSERT INTO "TELEMETRIA" VALUES (3, INTERVAL '0 00:01:47.900' DAY TO SECOND, 15, TO_DATE('04/07/2026', 'DD/MM/YYYY'), '11:30', NULL, NULL, 'FIA-BOT-77', 'VULCANO_CIRCUIT'); 

 

INSERT INTO "TELEMETRIA" VALUES (3, INTERVAL '0 00:01:48.100' DAY TO SECOND, 16, TO_DATE('04/07/2026', 'DD/MM/YYYY'), '11:30', NULL, NULL, 'FIA-LAW-40', 'VULCANO_CIRCUIT'); 

 

INSERT INTO "TELEMETRIA" VALUES (3, INTERVAL '0 00:01:48.300' DAY TO SECOND, 17, TO_DATE('04/07/2026', 'DD/MM/YYYY'), '11:30', NULL, NULL, 'FIA-COL-43', 'VULCANO_CIRCUIT'); 

 

INSERT INTO "TELEMETRIA" VALUES (3, INTERVAL '0 00:01:48.600' DAY TO SECOND, 18, TO_DATE('04/07/2026', 'DD/MM/YYYY'), '11:30', NULL, NULL, 'FIA-BEA-87', 'VULCANO_CIRCUIT'); 

 

INSERT INTO "TELEMETRIA" VALUES (3, INTERVAL '0 00:01:48.800' DAY TO SECOND, 19, TO_DATE('04/07/2026', 'DD/MM/YYYY'), '11:30', NULL, NULL, 'FIA-HAD-30', 'VULCANO_CIRCUIT'); 

 

INSERT INTO "TELEMETRIA" VALUES (3, INTERVAL '0 00:01:49.000' DAY TO SECOND, 20, TO_DATE('04/07/2026', 'DD/MM/YYYY'), '11:30', NULL, NULL, 'FIA-BOR-05', 'VULCANO_CIRCUIT'); 

 

INSERT INTO "TELEMETRIA" VALUES (3, INTERVAL '0 00:01:49.200' DAY TO SECOND, 21, TO_DATE('04/07/2026', 'DD/MM/YYYY'), '11:30', NULL, NULL, 'FIA-ANT-12', 'VULCANO_CIRCUIT'); 

 

INSERT INTO "TELEMETRIA" VALUES (3, INTERVAL '0 00:01:49.500' DAY TO SECOND, 22, TO_DATE('04/07/2026', 'DD/MM/YYYY'), '11:30', NULL, NULL, 'FIA-LIN-15', 'VULCANO_CIRCUIT'); 

 

INSERT INTO "TELEMETRIA" VALUES (4, INTERVAL '0 00:01:44.300' DAY TO SECOND, 1, TO_DATE('04/07/2026', 'DD/MM/YYYY'), '11:30', NULL, NULL, 'FIA-VER-01', 'VULCANO_CIRCUIT'); 

 

INSERT INTO "TELEMETRIA" VALUES (4, INTERVAL '0 00:01:44.600' DAY TO SECOND, 2, TO_DATE('04/07/2026', 'DD/MM/YYYY'), '11:30', NULL, NULL, 'FIA-LEC-16', 'VULCANO_CIRCUIT'); 

 

INSERT INTO "TELEMETRIA" VALUES (4, INTERVAL '0 00:01:44.900' DAY TO SECOND, 3, TO_DATE('04/07/2026', 'DD/MM/YYYY'), '11:30', NULL, NULL, 'FIA-NOR-04', 'VULCANO_CIRCUIT'); 

 

INSERT INTO "TELEMETRIA" VALUES (4, INTERVAL '0 00:01:45.000' DAY TO SECOND, 4, TO_DATE('04/07/2026', 'DD/MM/YYYY'), '11:30', NULL, NULL, 'FIA-HAM-44', 'VULCANO_CIRCUIT'); 

 

INSERT INTO "TELEMETRIA" VALUES (4, INTERVAL '0 00:01:45.200' DAY TO SECOND, 5, TO_DATE('04/07/2026', 'DD/MM/YYYY'), '11:30', NULL, NULL, 'FIA-PIA-81', 'VULCANO_CIRCUIT'); 

 

INSERT INTO "TELEMETRIA" VALUES (4, INTERVAL '0 00:01:45.500' DAY TO SECOND, 6, TO_DATE('04/07/2026', 'DD/MM/YYYY'), '11:30', NULL, NULL, 'FIA-SAI-55', 'VULCANO_CIRCUIT'); 

 

INSERT INTO "TELEMETRIA" VALUES (4, INTERVAL '0 00:01:45.700' DAY TO SECOND, 7, TO_DATE('04/07/2026', 'DD/MM/YYYY'), '11:30', NULL, NULL, 'FIA-RUS-63', 'VULCANO_CIRCUIT'); 

 

INSERT INTO "TELEMETRIA" VALUES (4, INTERVAL '0 00:01:45.900' DAY TO SECOND, 8, TO_DATE('04/07/2026', 'DD/MM/YYYY'), '11:30', NULL, NULL, 'FIA-ALO-14', 'VULCANO_CIRCUIT'); 

 

INSERT INTO "TELEMETRIA" VALUES (4, INTERVAL '0 00:01:46.100' DAY TO SECOND, 9, TO_DATE('04/07/2026', 'DD/MM/YYYY'), '11:30', NULL, NULL, 'FIA-PER-11', 'VULCANO_CIRCUIT'); 

 

INSERT INTO "TELEMETRIA" VALUES (4, INTERVAL '0 00:01:46.400' DAY TO SECOND, 10, TO_DATE('04/07/2026', 'DD/MM/YYYY'), '11:30', NULL, NULL, 'FIA-STR-18', 'VULCANO_CIRCUIT'); 

 

INSERT INTO "TELEMETRIA" VALUES (4, INTERVAL '0 00:01:46.700' DAY TO SECOND, 11, TO_DATE('04/07/2026', 'DD/MM/YYYY'), '11:30', NULL, NULL, 'FIA-GAS-10', 'VULCANO_CIRCUIT'); 

 

INSERT INTO "TELEMETRIA" VALUES (4, INTERVAL '0 00:01:46.900' DAY TO SECOND, 12, TO_DATE('04/07/2026', 'DD/MM/YYYY'), '11:30', NULL, NULL, 'FIA-OCO-31', 'VULCANO_CIRCUIT'); 

 

INSERT INTO "TELEMETRIA" VALUES (4, INTERVAL '0 00:01:47.100' DAY TO SECOND, 13, TO_DATE('04/07/2026', 'DD/MM/YYYY'), '11:30', NULL, NULL, 'FIA-ALB-23', 'VULCANO_CIRCUIT'); 

 

INSERT INTO "TELEMETRIA" VALUES (4, INTERVAL '0 00:01:47.300' DAY TO SECOND, 14, TO_DATE('04/07/2026', 'DD/MM/YYYY'), '11:30', NULL, NULL, 'FIA-HUL-27', 'VULCANO_CIRCUIT'); 

 

INSERT INTO "TELEMETRIA" VALUES (4, INTERVAL '0 00:01:47.600' DAY TO SECOND, 15, TO_DATE('04/07/2026', 'DD/MM/YYYY'), '11:30', NULL, NULL, 'FIA-BOT-77', 'VULCANO_CIRCUIT'); 

 

INSERT INTO "TELEMETRIA" VALUES (4, INTERVAL '0 00:01:47.900' DAY TO SECOND, 16, TO_DATE('04/07/2026', 'DD/MM/YYYY'), '11:30', NULL, NULL, 'FIA-LAW-40', 'VULCANO_CIRCUIT'); 

 

INSERT INTO "TELEMETRIA" VALUES (4, INTERVAL '0 00:01:48.200' DAY TO SECOND, 17, TO_DATE('04/07/2026', 'DD/MM/YYYY'), '11:30', NULL, NULL, 'FIA-COL-43', 'VULCANO_CIRCUIT'); 

 

INSERT INTO "TELEMETRIA" VALUES (4, INTERVAL '0 00:01:48.400' DAY TO SECOND, 18, TO_DATE('04/07/2026', 'DD/MM/YYYY'), '11:30', NULL, NULL, 'FIA-BEA-87', 'VULCANO_CIRCUIT'); 

 

INSERT INTO "TELEMETRIA" VALUES (4, INTERVAL '0 00:01:48.600' DAY TO SECOND, 19, TO_DATE('04/07/2026', 'DD/MM/YYYY'), '11:30', NULL, NULL, 'FIA-HAD-30', 'VULCANO_CIRCUIT'); 

 

INSERT INTO "TELEMETRIA" VALUES (4, INTERVAL '0 00:01:48.800' DAY TO SECOND, 20, TO_DATE('04/07/2026', 'DD/MM/YYYY'), '11:30', NULL, NULL, 'FIA-BOR-05', 'VULCANO_CIRCUIT'); 

 

INSERT INTO "TELEMETRIA" VALUES (4, INTERVAL '0 00:01:49.000' DAY TO SECOND, 21, TO_DATE('04/07/2026', 'DD/MM/YYYY'), '11:30', NULL, NULL, 'FIA-ANT-12', 'VULCANO_CIRCUIT'); 

 

INSERT INTO "TELEMETRIA" VALUES (4, INTERVAL '0 00:01:49.200' DAY TO SECOND, 22, TO_DATE('04/07/2026', 'DD/MM/YYYY'), '11:30', NULL, NULL, 'FIA-LIN-15', 'VULCANO_CIRCUIT'); 

 

INSERT INTO "TELEMETRIA" VALUES (5, INTERVAL '0 00:01:44.000' DAY TO SECOND, 1, TO_DATE('04/07/2026', 'DD/MM/YYYY'), '11:30', NULL, NULL, 'FIA-VER-01', 'VULCANO_CIRCUIT'); 

 

INSERT INTO "TELEMETRIA" VALUES (5, INTERVAL '0 00:01:44.400' DAY TO SECOND, 2, TO_DATE('04/07/2026', 'DD/MM/YYYY'), '11:30', NULL, NULL, 'FIA-LEC-16', 'VULCANO_CIRCUIT'); 

 

INSERT INTO "TELEMETRIA" VALUES (5, INTERVAL '0 00:01:44.700' DAY TO SECOND, 3, TO_DATE('04/07/2026', 'DD/MM/YYYY'), '11:30', NULL, NULL, 'FIA-NOR-04', 'VULCANO_CIRCUIT'); 

 

INSERT INTO "TELEMETRIA" VALUES (5, INTERVAL '0 00:01:44.900' DAY TO SECOND, 4, TO_DATE('04/07/2026', 'DD/MM/YYYY'), '11:30', NULL, NULL, 'FIA-HAM-44', 'VULCANO_CIRCUIT'); 

 

INSERT INTO "TELEMETRIA" VALUES (5, INTERVAL '0 00:01:45.000' DAY TO SECOND, 5, TO_DATE('04/07/2026', 'DD/MM/YYYY'), '11:30', NULL, NULL, 'FIA-PIA-81', 'VULCANO_CIRCUIT'); 

 

INSERT INTO "TELEMETRIA" VALUES (5, INTERVAL '0 00:01:45.300' DAY TO SECOND, 6, TO_DATE('04/07/2026', 'DD/MM/YYYY'), '11:30', NULL, NULL, 'FIA-SAI-55', 'VULCANO_CIRCUIT'); 

 

INSERT INTO "TELEMETRIA" VALUES (5, INTERVAL '0 00:01:45.600' DAY TO SECOND, 7, TO_DATE('04/07/2026', 'DD/MM/YYYY'), '11:30', NULL, NULL, 'FIA-RUS-63', 'VULCANO_CIRCUIT'); 

 

INSERT INTO "TELEMETRIA" VALUES (5, INTERVAL '0 00:01:45.700' DAY TO SECOND, 8, TO_DATE('04/07/2026', 'DD/MM/YYYY'), '11:30', NULL, NULL, 'FIA-ALO-14', 'VULCANO_CIRCUIT'); 

 

INSERT INTO "TELEMETRIA" VALUES (5, INTERVAL '0 00:01:46.000' DAY TO SECOND, 9, TO_DATE('04/07/2026', 'DD/MM/YYYY'), '11:30', NULL, NULL, 'FIA-PER-11', 'VULCANO_CIRCUIT'); 

 

INSERT INTO "TELEMETRIA" VALUES (5, INTERVAL '0 00:01:46.200' DAY TO SECOND, 10, TO_DATE('04/07/2026', 'DD/MM/YYYY'), '11:30', NULL, NULL, 'FIA-STR-18', 'VULCANO_CIRCUIT'); 

 

INSERT INTO "TELEMETRIA" VALUES (5, INTERVAL '0 00:01:46.500' DAY TO SECOND, 11, TO_DATE('04/07/2026', 'DD/MM/YYYY'), '11:30', NULL, NULL, 'FIA-GAS-10', 'VULCANO_CIRCUIT'); 

 

INSERT INTO "TELEMETRIA" VALUES (5, INTERVAL '0 00:01:46.800' DAY TO SECOND, 12, TO_DATE('04/07/2026', 'DD/MM/YYYY'), '11:30', NULL, NULL, 'FIA-OCO-31', 'VULCANO_CIRCUIT'); 

 

INSERT INTO "TELEMETRIA" VALUES (5, INTERVAL '0 00:01:47.000' DAY TO SECOND, 13, TO_DATE('04/07/2026', 'DD/MM/YYYY'), '11:30', NULL, NULL, 'FIA-ALB-23', 'VULCANO_CIRCUIT'); 

 

INSERT INTO "TELEMETRIA" VALUES (5, INTERVAL '0 00:01:47.200' DAY TO SECOND, 14, TO_DATE('04/07/2026', 'DD/MM/YYYY'), '11:30', NULL, NULL, 'FIA-HUL-27', 'VULCANO_CIRCUIT'); 

 

INSERT INTO "TELEMETRIA" VALUES (5, INTERVAL '0 00:01:47.500' DAY TO SECOND, 15, TO_DATE('04/07/2026', 'DD/MM/YYYY'), '11:30', NULL, NULL, 'FIA-BOT-77', 'VULCANO_CIRCUIT'); 

 

INSERT INTO "TELEMETRIA" VALUES (5, INTERVAL '0 00:01:47.800' DAY TO SECOND, 16, TO_DATE('04/07/2026', 'DD/MM/YYYY'), '11:30', NULL, NULL, 'FIA-LAW-40', 'VULCANO_CIRCUIT'); 

 

INSERT INTO "TELEMETRIA" VALUES (5, INTERVAL '0 00:01:48.000' DAY TO SECOND, 17, TO_DATE('04/07/2026', 'DD/MM/YYYY'), '11:30', NULL, NULL, 'FIA-COL-43', 'VULCANO_CIRCUIT'); 

 

INSERT INTO "TELEMETRIA" VALUES (5, INTERVAL '0 00:01:48.300' DAY TO SECOND, 18, TO_DATE('04/07/2026', 'DD/MM/YYYY'), '11:30', NULL, NULL, 'FIA-BEA-87', 'VULCANO_CIRCUIT'); 

 

INSERT INTO "TELEMETRIA" VALUES (5, INTERVAL '0 00:01:48.400' DAY TO SECOND, 19, TO_DATE('04/07/2026', 'DD/MM/YYYY'), '11:30', NULL, NULL, 'FIA-HAD-30', 'VULCANO_CIRCUIT'); 

 

INSERT INTO "TELEMETRIA" VALUES (5, INTERVAL '0 00:01:48.600' DAY TO SECOND, 20, TO_DATE('04/07/2026', 'DD/MM/YYYY'), '11:30', NULL, NULL, 'FIA-BOR-05', 'VULCANO_CIRCUIT'); 

 

INSERT INTO "TELEMETRIA" VALUES (5, INTERVAL '0 00:01:48.900' DAY TO SECOND, 21, TO_DATE('04/07/2026', 'DD/MM/YYYY'), '11:30', NULL, NULL, 'FIA-ANT-12', 'VULCANO_CIRCUIT'); 

 

INSERT INTO "TELEMETRIA" VALUES (5, INTERVAL '0 00:01:49.100' DAY TO SECOND, 22, TO_DATE('04/07/2026', 'DD/MM/YYYY'), '11:30', NULL, NULL, 'FIA-LIN-15', 'VULCANO_CIRCUIT'); 

 

 

-- 8. GARA: 04/07/2026 11:30 - TAMBURRELLO_CIRCUIT (Amatoriale - 3 Piloti - 5 Giri) 

 

INSERT INTO "TELEMETRIA" VALUES (1, INTERVAL '0 00:01:15.600' DAY TO SECOND, 1, TO_DATE('04/07/2026', 'DD/MM/YYYY'), '11:30', 'ZCKCRGCEN26000005', 'KART-05', NULL, 'TAMBURRELLO_CIRCUIT'); 

 

INSERT INTO "TELEMETRIA" VALUES (1, INTERVAL '0 00:01:16.100' DAY TO SECOND, 2, TO_DATE('04/07/2026', 'DD/MM/YYYY'), '11:30', 'ZCKCRGCEN26000006', 'KART-06', NULL, 'TAMBURRELLO_CIRCUIT'); 

 

INSERT INTO "TELEMETRIA" VALUES (1, INTERVAL '0 00:01:16.800' DAY TO SECOND, 3, TO_DATE('04/07/2026', 'DD/MM/YYYY'), '11:30', 'ZCKCRGCEN26000007', 'KART-07', NULL, 'TAMBURRELLO_CIRCUIT'); 

 

INSERT INTO "TELEMETRIA" VALUES (2, INTERVAL '0 00:01:14.900' DAY TO SECOND, 1, TO_DATE('04/07/2026', 'DD/MM/YYYY'), '11:30', 'ZCKCRGCEN26000005', 'KART-05', NULL, 'TAMBURRELLO_CIRCUIT'); 

 

INSERT INTO "TELEMETRIA" VALUES (2, INTERVAL '0 00:01:15.500' DAY TO SECOND, 2, TO_DATE('04/07/2026', 'DD/MM/YYYY'), '11:30', 'ZCKCRGCEN26000006', 'KART-06', NULL, 'TAMBURRELLO_CIRCUIT'); 

 

INSERT INTO "TELEMETRIA" VALUES (2, INTERVAL '0 00:01:16.300' DAY TO SECOND, 3, TO_DATE('04/07/2026', 'DD/MM/YYYY'), '11:30', 'ZCKCRGCEN26000007', 'KART-07', NULL, 'TAMBURRELLO_CIRCUIT'); 

 

INSERT INTO "TELEMETRIA" VALUES (3, INTERVAL '0 00:01:14.500' DAY TO SECOND, 1, TO_DATE('04/07/2026', 'DD/MM/YYYY'), '11:30', 'ZCKCRGCEN26000005', 'KART-05', NULL, 'TAMBURRELLO_CIRCUIT'); 

 

INSERT INTO "TELEMETRIA" VALUES (3, INTERVAL '0 00:01:15.100' DAY TO SECOND, 2, TO_DATE('04/07/2026', 'DD/MM/YYYY'), '11:30', 'ZCKCRGCEN26000006', 'KART-06', NULL, 'TAMBURRELLO_CIRCUIT'); 

 

INSERT INTO "TELEMETRIA" VALUES (3, INTERVAL '0 00:01:15.900' DAY TO SECOND, 3, TO_DATE('04/07/2026', 'DD/MM/YYYY'), '11:30', 'ZCKCRGCEN26000007', 'KART-07', NULL, 'TAMBURRELLO_CIRCUIT'); 

 

INSERT INTO "TELEMETRIA" VALUES (4, INTERVAL '0 00:01:14.100' DAY TO SECOND, 1, TO_DATE('04/07/2026', 'DD/MM/YYYY'), '11:30', 'ZCKCRGCEN26000005', 'KART-05', NULL, 'TAMBURRELLO_CIRCUIT'); 

 

INSERT INTO "TELEMETRIA" VALUES (4, INTERVAL '0 00:01:14.700' DAY TO SECOND, 2, TO_DATE('04/07/2026', 'DD/MM/YYYY'), '11:30', 'ZCKCRGCEN26000006', 'KART-06', NULL, 'TAMBURRELLO_CIRCUIT'); 

 

INSERT INTO "TELEMETRIA" VALUES (4, INTERVAL '0 00:01:15.400' DAY TO SECOND, 3, TO_DATE('04/07/2026', 'DD/MM/YYYY'), '11:30', 'ZCKCRGCEN26000007', 'KART-07', NULL, 'TAMBURRELLO_CIRCUIT'); 

 

INSERT INTO "TELEMETRIA" VALUES (5, INTERVAL '0 00:01:13.800' DAY TO SECOND, 1, TO_DATE('04/07/2026', 'DD/MM/YYYY'), '11:30', 'ZCKCRGCEN26000005', 'KART-05', NULL, 'TAMBURRELLO_CIRCUIT'); 

 

INSERT INTO "TELEMETRIA" VALUES (5, INTERVAL '0 00:01:14.400' DAY TO SECOND, 2, TO_DATE('04/07/2026', 'DD/MM/YYYY'), '11:30', 'ZCKCRGCEN26000006', 'KART-06', NULL, 'TAMBURRELLO_CIRCUIT'); 

 

INSERT INTO "TELEMETRIA" VALUES (5, INTERVAL '0 00:01:14.900' DAY TO SECOND, 3, TO_DATE('04/07/2026', 'DD/MM/YYYY'), '11:30', 'ZCKCRGCEN26000007', 'KART-07', NULL, 'TAMBURRELLO_CIRCUIT'); 

 

 

-- 9. GARA: 04/07/2026 12:00 - PULCINELLA_CIRCUIT (Amatoriale - 6 Piloti - 5 Giri) 

 

INSERT INTO "TELEMETRIA" VALUES (1, INTERVAL '0 00:02:18.400' DAY TO SECOND, 1, TO_DATE('04/07/2026', 'DD/MM/YYYY'), '12:00', 'VFRSODIRT26000011', 'KART-09', NULL, 'PULCINELLA_CIRCUIT'); 

 

INSERT INTO "TELEMETRIA" VALUES (1, INTERVAL '0 00:02:19.100' DAY TO SECOND, 2, TO_DATE('04/07/2026', 'DD/MM/YYYY'), '12:00', 'VFRSODIRT26000012', 'KART-10', NULL, 'PULCINELLA_CIRCUIT'); 

 

INSERT INTO "TELEMETRIA" VALUES (1, INTERVAL '0 00:02:19.500' DAY TO SECOND, 3, TO_DATE('04/07/2026', 'DD/MM/YYYY'), '12:00', 'VFRSODIRT26000013', 'KART-11', NULL, 'PULCINELLA_CIRCUIT'); 

 

INSERT INTO "TELEMETRIA" VALUES (1, INTERVAL '0 00:02:20.000' DAY TO SECOND, 4, TO_DATE('04/07/2026', 'DD/MM/YYYY'), '12:00', 'VFRSODIRT26000014', 'KART-12', NULL, 'PULCINELLA_CIRCUIT'); 

 

INSERT INTO "TELEMETRIA" VALUES (1, INTERVAL '0 00:02:20.600' DAY TO SECOND, 5, TO_DATE('04/07/2026', 'DD/MM/YYYY'), '12:00', 'VFRSODIRT26000015', 'KART-13', NULL, 'PULCINELLA_CIRCUIT'); 

 

INSERT INTO "TELEMETRIA" VALUES (1, INTERVAL '0 00:02:21.100' DAY TO SECOND, 6, TO_DATE('04/07/2026', 'DD/MM/YYYY'), '12:00', 'VFRSODIRT26000016', 'KART-14', NULL, 'PULCINELLA_CIRCUIT'); 

 

INSERT INTO "TELEMETRIA" VALUES (2, INTERVAL '0 00:02:17.900' DAY TO SECOND, 1, TO_DATE('04/07/2026', 'DD/MM/YYYY'), '12:00', 'VFRSODIRT26000011', 'KART-09', NULL, 'PULCINELLA_CIRCUIT'); 

 

INSERT INTO "TELEMETRIA" VALUES (2, INTERVAL '0 00:02:18.500' DAY TO SECOND, 2, TO_DATE('04/07/2026', 'DD/MM/YYYY'), '12:00', 'VFRSODIRT26000012', 'KART-10', NULL, 'PULCINELLA_CIRCUIT'); 

 

INSERT INTO "TELEMETRIA" VALUES (2, INTERVAL '0 00:02:19.000' DAY TO SECOND, 3, TO_DATE('04/07/2026', 'DD/MM/YYYY'), '12:00', 'VFRSODIRT26000013', 'KART-11', NULL, 'PULCINELLA_CIRCUIT'); 

 

INSERT INTO "TELEMETRIA" VALUES (2, INTERVAL '0 00:02:19.600' DAY TO SECOND, 4, TO_DATE('04/07/2026', 'DD/MM/YYYY'), '12:00', 'VFRSODIRT26000014', 'KART-12', NULL, 'PULCINELLA_CIRCUIT'); 

 

INSERT INTO "TELEMETRIA" VALUES (2, INTERVAL '0 00:02:20.100' DAY TO SECOND, 5, TO_DATE('04/07/2026', 'DD/MM/YYYY'), '12:00', 'VFRSODIRT26000015', 'KART-13', NULL, 'PULCINELLA_CIRCUIT'); 

 

INSERT INTO "TELEMETRIA" VALUES (2, INTERVAL '0 00:02:20.700' DAY TO SECOND, 6, TO_DATE('04/07/2026', 'DD/MM/YYYY'), '12:00', 'VFRSODIRT26000016', 'KART-14', NULL, 'PULCINELLA_CIRCUIT'); 

 

INSERT INTO "TELEMETRIA" VALUES (3, INTERVAL '0 00:02:17.400' DAY TO SECOND, 1, TO_DATE('04/07/2026', 'DD/MM/YYYY'), '12:00', 'VFRSODIRT26000011', 'KART-09', NULL, 'PULCINELLA_CIRCUIT'); 

 

INSERT INTO "TELEMETRIA" VALUES (3, INTERVAL '0 00:02:17.900' DAY TO SECOND, 2, TO_DATE('04/07/2026', 'DD/MM/YYYY'), '12:00', 'VFRSODIRT26000012', 'KART-10', NULL, 'PULCINELLA_CIRCUIT'); 

 

INSERT INTO "TELEMETRIA" VALUES (3, INTERVAL '0 00:02:18.400' DAY TO SECOND, 3, TO_DATE('04/07/2026', 'DD/MM/YYYY'), '12:00', 'VFRSODIRT26000013', 'KART-11', NULL, 'PULCINELLA_CIRCUIT'); 

 

INSERT INTO "TELEMETRIA" VALUES (3, INTERVAL '0 00:02:19.100' DAY TO SECOND, 4, TO_DATE('04/07/2026', 'DD/MM/YYYY'), '12:00', 'VFRSODIRT26000014', 'KART-12', NULL, 'PULCINELLA_CIRCUIT'); 

 

INSERT INTO "TELEMETRIA" VALUES (3, INTERVAL '0 00:02:19.700' DAY TO SECOND, 5, TO_DATE('04/07/2026', 'DD/MM/YYYY'), '12:00', 'VFRSODIRT26000015', 'KART-13', NULL, 'PULCINELLA_CIRCUIT'); 

 

INSERT INTO "TELEMETRIA" VALUES (3, INTERVAL '0 00:02:20.200' DAY TO SECOND, 6, TO_DATE('04/07/2026', 'DD/MM/YYYY'), '12:00', 'VFRSODIRT26000016', 'KART-14', NULL, 'PULCINELLA_CIRCUIT'); 

 

INSERT INTO "TELEMETRIA" VALUES (4, INTERVAL '0 00:02:16.800' DAY TO SECOND, 1, TO_DATE('04/07/2026', 'DD/MM/YYYY'), '12:00', 'VFRSODIRT26000011', 'KART-09', NULL, 'PULCINELLA_CIRCUIT'); 

 

INSERT INTO "TELEMETRIA" VALUES (4, INTERVAL '0 00:02:17.300' DAY TO SECOND, 2, TO_DATE('04/07/2026', 'DD/MM/YYYY'), '12:00', 'VFRSODIRT26000012', 'KART-10', NULL, 'PULCINELLA_CIRCUIT'); 

 

INSERT INTO "TELEMETRIA" VALUES (4, INTERVAL '0 00:02:18.000' DAY TO SECOND, 3, TO_DATE('04/07/2026', 'DD/MM/YYYY'), '12:00', 'VFRSODIRT26000013', 'KART-11', NULL, 'PULCINELLA_CIRCUIT'); 

 

INSERT INTO "TELEMETRIA" VALUES (4, INTERVAL '0 00:02:18.600' DAY TO SECOND, 4, TO_DATE('04/07/2026', 'DD/MM/YYYY'), '12:00', 'VFRSODIRT26000014', 'KART-12', NULL, 'PULCINELLA_CIRCUIT'); 

 

INSERT INTO "TELEMETRIA" VALUES (4, INTERVAL '0 00:02:19.200' DAY TO SECOND, 5, TO_DATE('04/07/2026', 'DD/MM/YYYY'), '12:00', 'VFRSODIRT26000015', 'KART-13', NULL, 'PULCINELLA_CIRCUIT'); 

 

INSERT INTO "TELEMETRIA" VALUES (4, INTERVAL '0 00:02:19.800' DAY TO SECOND, 6, TO_DATE('04/07/2026', 'DD/MM/YYYY'), '12:00', 'VFRSODIRT26000016', 'KART-14', NULL, 'PULCINELLA_CIRCUIT'); 

 

INSERT INTO "TELEMETRIA" VALUES (5, INTERVAL '0 00:02:16.200' DAY TO SECOND, 1, TO_DATE('04/07/2026', 'DD/MM/YYYY'), '12:00', 'VFRSODIRT26000011', 'KART-09', NULL, 'PULCINELLA_CIRCUIT'); 

 

INSERT INTO "TELEMETRIA" VALUES (5, INTERVAL '0 00:02:16.800' DAY TO SECOND, 2, TO_DATE('04/07/2026', 'DD/MM/YYYY'), '12:00', 'VFRSODIRT26000012', 'KART-10', NULL, 'PULCINELLA_CIRCUIT'); 

 

INSERT INTO "TELEMETRIA" VALUES (5, INTERVAL '0 00:02:17.500' DAY TO SECOND, 3, TO_DATE('04/07/2026', 'DD/MM/YYYY'), '12:00', 'VFRSODIRT26000013', 'KART-11', NULL, 'PULCINELLA_CIRCUIT'); 

 

INSERT INTO "TELEMETRIA" VALUES (5, INTERVAL '0 00:02:18.100' DAY TO SECOND, 4, TO_DATE('04/07/2026', 'DD/MM/YYYY'), '12:00', 'VFRSODIRT26000014', 'KART-12', NULL, 'PULCINELLA_CIRCUIT'); 

 

INSERT INTO "TELEMETRIA" VALUES (5, INTERVAL '0 00:02:18.700' DAY TO SECOND, 5, TO_DATE('04/07/2026', 'DD/MM/YYYY'), '12:00', 'VFRSODIRT26000015', 'KART-13', NULL, 'PULCINELLA_CIRCUIT'); 

 

INSERT INTO "TELEMETRIA" VALUES (5, INTERVAL '0 00:02:19.100' DAY TO SECOND, 6, TO_DATE('04/07/2026', 'DD/MM/YYYY'), '12:00', 'VFRSODIRT26000016', 'KART-14', NULL, 'PULCINELLA_CIRCUIT'); 

 

 

-- 10. GARA: 11/07/2026 19:00 - PULCINELLA_CIRCUIT (Amatoriale - 8 Piloti - 5 Giri) 

 

INSERT INTO "TELEMETRIA" VALUES (1, INTERVAL '0 00:02:17.800' DAY TO SECOND, 1, TO_DATE('11/07/2026', 'DD/MM/YYYY'), '19:00', 'ZCKCRGKT226000043', 'KART-28', NULL, 'PULCINELLA_CIRCUIT'); 

 

INSERT INTO "TELEMETRIA" VALUES (1, INTERVAL '0 00:02:18.500' DAY TO SECOND, 2, TO_DATE('11/07/2026', 'DD/MM/YYYY'), '19:00', 'ZCKCRGKT226000044', 'KART-29', NULL, 'PULCINELLA_CIRCUIT'); 

 

INSERT INTO "TELEMETRIA" VALUES (1, INTERVAL '0 00:02:18.900' DAY TO SECOND, 3, TO_DATE('11/07/2026', 'DD/MM/YYYY'), '19:00', 'ZCKCRGKT226000045', 'KART-30', NULL, 'PULCINELLA_CIRCUIT'); 

 

INSERT INTO "TELEMETRIA" VALUES (1, INTERVAL '0 00:02:19.400' DAY TO SECOND, 4, TO_DATE('11/07/2026', 'DD/MM/YYYY'), '19:00', 'ZCKTONYKT26000031', 'KART-20', NULL, 'PULCINELLA_CIRCUIT'); 

 

INSERT INTO "TELEMETRIA" VALUES (1, INTERVAL '0 00:02:19.800' DAY TO SECOND, 5, TO_DATE('11/07/2026', 'DD/MM/YYYY'), '19:00', 'ZCKTONYKT26000032', 'KART-21', NULL, 'PULCINELLA_CIRCUIT'); 

 

INSERT INTO "TELEMETRIA" VALUES (1, INTERVAL '0 00:02:20.300' DAY TO SECOND, 6, TO_DATE('11/07/2026', 'DD/MM/YYYY'), '19:00', 'ZCKTONYKT26000033', 'KART-22', NULL, 'PULCINELLA_CIRCUIT'); 

 

INSERT INTO "TELEMETRIA" VALUES (1, INTERVAL '0 00:02:20.700' DAY TO SECOND, 7, TO_DATE('11/07/2026', 'DD/MM/YYYY'), '19:00', 'ZCKTONYKT26000034', 'KART-23', NULL, 'PULCINELLA_CIRCUIT'); 

 

INSERT INTO "TELEMETRIA" VALUES (1, INTERVAL '0 00:02:21.200' DAY TO SECOND, 8, TO_DATE('11/07/2026', 'DD/MM/YYYY'), '19:00', 'ZCKTONYKT26000035', 'KART-24', NULL, 'PULCINELLA_CIRCUIT'); 

 

INSERT INTO "TELEMETRIA" VALUES (2, INTERVAL '0 00:02:17.100' DAY TO SECOND, 1, TO_DATE('11/07/2026', 'DD/MM/YYYY'), '19:00', 'ZCKCRGKT226000043', 'KART-28', NULL, 'PULCINELLA_CIRCUIT'); 

 

INSERT INTO "TELEMETRIA" VALUES (2, INTERVAL '0 00:02:17.900' DAY TO SECOND, 2, TO_DATE('11/07/2026', 'DD/MM/YYYY'), '19:00', 'ZCKCRGKT226000044', 'KART-29', NULL, 'PULCINELLA_CIRCUIT'); 

 

INSERT INTO "TELEMETRIA" VALUES (2, INTERVAL '0 00:02:18.400' DAY TO SECOND, 3, TO_DATE('11/07/2026', 'DD/MM/YYYY'), '19:00', 'ZCKCRGKT226000045', 'KART-30', NULL, 'PULCINELLA_CIRCUIT'); 

 

INSERT INTO "TELEMETRIA" VALUES (2, INTERVAL '0 00:02:18.800' DAY TO SECOND, 4, TO_DATE('11/07/2026', 'DD/MM/YYYY'), '19:00', 'ZCKTONYKT26000031', 'KART-20', NULL, 'PULCINELLA_CIRCUIT'); 

 

INSERT INTO "TELEMETRIA" VALUES (2, INTERVAL '0 00:02:19.300' DAY TO SECOND, 5, TO_DATE('11/07/2026', 'DD/MM/YYYY'), '19:00', 'ZCKTONYKT26000032', 'KART-21', NULL, 'PULCINELLA_CIRCUIT'); 

 

INSERT INTO "TELEMETRIA" VALUES (2, INTERVAL '0 00:02:19.600' DAY TO SECOND, 6, TO_DATE('11/07/2026', 'DD/MM/YYYY'), '19:00', 'ZCKTONYKT26000033', 'KART-22', NULL, 'PULCINELLA_CIRCUIT'); 

 

INSERT INTO "TELEMETRIA" VALUES (2, INTERVAL '0 00:02:20.100' DAY TO SECOND, 7, TO_DATE('11/07/2026', 'DD/MM/YYYY'), '19:00', 'ZCKTONYKT26000034', 'KART-23', NULL, 'PULCINELLA_CIRCUIT'); 

 

INSERT INTO "TELEMETRIA" VALUES (2, INTERVAL '0 00:02:20.500' DAY TO SECOND, 8, TO_DATE('11/07/2026', 'DD/MM/YYYY'), '19:00', 'ZCKTONYKT26000035', 'KART-24', NULL, 'PULCINELLA_CIRCUIT'); 

 

INSERT INTO "TELEMETRIA" VALUES (3, INTERVAL '0 00:02:16.500' DAY TO SECOND, 1, TO_DATE('11/07/2026', 'DD/MM/YYYY'), '19:00', 'ZCKCRGKT226000043', 'KART-28', NULL, 'PULCINELLA_CIRCUIT'); 

 

INSERT INTO "TELEMETRIA" VALUES (3, INTERVAL '0 00:02:17.300' DAY TO SECOND, 2, TO_DATE('11/07/2026', 'DD/MM/YYYY'), '19:00', 'ZCKCRGKT226000044', 'KART-29', NULL, 'PULCINELLA_CIRCUIT'); 

 

INSERT INTO "TELEMETRIA" VALUES (3, INTERVAL '0 00:02:17.800' DAY TO SECOND, 3, TO_DATE('11/07/2026', 'DD/MM/YYYY'), '19:00', 'ZCKCRGKT226000045', 'KART-30', NULL, 'PULCINELLA_CIRCUIT'); 

 

INSERT INTO "TELEMETRIA" VALUES (3, INTERVAL '0 00:02:18.200' DAY TO SECOND, 4, TO_DATE('11/07/2026', 'DD/MM/YYYY'), '19:00', 'ZCKTONYKT26000031', 'KART-20', NULL, 'PULCINELLA_CIRCUIT'); 

 

INSERT INTO "TELEMETRIA" VALUES (3, INTERVAL '0 00:02:18.600' DAY TO SECOND, 5, TO_DATE('11/07/2026', 'DD/MM/YYYY'), '19:00', 'ZCKTONYKT26000032', 'KART-21', NULL, 'PULCINELLA_CIRCUIT'); 

 

INSERT INTO "TELEMETRIA" VALUES (3, INTERVAL '0 00:02:19.100' DAY TO SECOND, 6, TO_DATE('11/07/2026', 'DD/MM/YYYY'), '19:00', 'ZCKTONYKT26000033', 'KART-22', NULL, 'PULCINELLA_CIRCUIT'); 

 

INSERT INTO "TELEMETRIA" VALUES (3, INTERVAL '0 00:02:19.500' DAY TO SECOND, 7, TO_DATE('11/07/2026', 'DD/MM/YYYY'), '19:00', 'ZCKTONYKT26000034', 'KART-23', NULL, 'PULCINELLA_CIRCUIT'); 

 

INSERT INTO "TELEMETRIA" VALUES (3, INTERVAL '0 00:02:19.900' DAY TO SECOND, 8, TO_DATE('11/07/2026', 'DD/MM/YYYY'), '19:00', 'ZCKTONYKT26000035', 'KART-24', NULL, 'PULCINELLA_CIRCUIT'); 

 

-- GIRO 4 

 

INSERT INTO "TELEMETRIA" VALUES (4, INTERVAL '0 00:02:16.000' DAY TO SECOND, 1, TO_DATE('11/07/2026', 'DD/MM/YYYY'), '19:00', 'ZCKCRGKT226000043', 'KART-28', NULL, 'PULCINELLA_CIRCUIT'); 

 

INSERT INTO "TELEMETRIA" VALUES (4, INTERVAL '0 00:02:16.700' DAY TO SECOND, 2, TO_DATE('11/07/2026', 'DD/MM/YYYY'), '19:00', 'ZCKCRGKT226000044', 'KART-29', NULL, 'PULCINELLA_CIRCUIT'); 

 

INSERT INTO "TELEMETRIA" VALUES (4, INTERVAL '0 00:02:17.200' DAY TO SECOND, 3, TO_DATE('11/07/2026', 'DD/MM/YYYY'), '19:00', 'ZCKCRGKT226000045', 'KART-30', NULL, 'PULCINELLA_CIRCUIT'); 

 

INSERT INTO "TELEMETRIA" VALUES (4, INTERVAL '0 00:02:17.600' DAY TO SECOND, 4, TO_DATE('11/07/2026', 'DD/MM/YYYY'), '19:00', 'ZCKTONYKT26000031', 'KART-20', NULL, 'PULCINELLA_CIRCUIT'); 

 

INSERT INTO "TELEMETRIA" VALUES (4, INTERVAL '0 00:02:18.100' DAY TO SECOND, 5, TO_DATE('11/07/2026', 'DD/MM/YYYY'), '19:00', 'ZCKTONYKT26000032', 'KART-21', NULL, 'PULCINELLA_CIRCUIT'); 

 

INSERT INTO "TELEMETRIA" VALUES (4, INTERVAL '0 00:02:18.900' DAY TO SECOND, 7, TO_DATE('11/07/2026', 'DD/MM/YYYY'), '19:00', 'ZCKTONYKT26000034', 'KART-23', NULL, 'PULCINELLA_CIRCUIT'); 

 

INSERT INTO "TELEMETRIA" VALUES (4, INTERVAL '0 00:02:19.200' DAY TO SECOND, 8, TO_DATE('11/07/2026', 'DD/MM/YYYY'), '19:00', 'ZCKTONYKT26000035', 'KART-24', NULL, 'PULCINELLA_CIRCUIT'); 

 

 

-- GIRO 5 

 

INSERT INTO "TELEMETRIA" VALUES (5, INTERVAL '0 00:02:15.500' DAY TO SECOND, 1, TO_DATE('11/07/2026', 'DD/MM/YYYY'), '19:00', 'ZCKCRGKT226000043', 'KART-28', NULL, 'PULCINELLA_CIRCUIT'); 

 

INSERT INTO "TELEMETRIA" VALUES (5, INTERVAL '0 00:02:16.100' DAY TO SECOND, 2, TO_DATE('11/07/2026', 'DD/MM/YYYY'), '19:00', 'ZCKCRGKT226000044', 'KART-29', NULL, 'PULCINELLA_CIRCUIT'); 

 

INSERT INTO "TELEMETRIA" VALUES (5, INTERVAL '0 00:02:16.600' DAY TO SECOND, 3, TO_DATE('11/07/2026', 'DD/MM/YYYY'), '19:00', 'ZCKCRGKT226000045', 'KART-30', NULL, 'PULCINELLA_CIRCUIT'); 

 

INSERT INTO "TELEMETRIA" VALUES (5, INTERVAL '0 00:02:17.000' DAY TO SECOND, 4, TO_DATE('11/07/2026', 'DD/MM/YYYY'), '19:00', 'ZCKTONYKT26000031', 'KART-20', NULL, 'PULCINELLA_CIRCUIT'); 

 

INSERT INTO "TELEMETRIA" VALUES (5, INTERVAL '0 00:02:17.400' DAY TO SECOND, 5, TO_DATE('11/07/2026', 'DD/MM/YYYY'), '19:00', 'ZCKTONYKT26000032', 'KART-21', NULL, 'PULCINELLA_CIRCUIT'); 

 

INSERT INTO "TELEMETRIA" VALUES (5, INTERVAL '0 00:02:17.900' DAY TO SECOND, 6, TO_DATE('11/07/2026', 'DD/MM/YYYY'), '19:00', 'ZCKTONYKT26000033', 'KART-22', NULL, 'PULCINELLA_CIRCUIT'); 

 

INSERT INTO "TELEMETRIA" VALUES (5, INTERVAL '0 00:02:18.300' DAY TO SECOND, 7, TO_DATE('11/07/2026', 'DD/MM/YYYY'), '19:00', 'ZCKTONYKT26000034', 'KART-23', NULL, 'PULCINELLA_CIRCUIT'); 

 

INSERT INTO "TELEMETRIA" VALUES (5, INTERVAL '0 00:02:18.600' DAY TO SECOND, 8, TO_DATE('11/07/2026', 'DD/MM/YYYY'), '19:00', 'ZCKTONYKT26000035', 'KART-24', NULL, 'PULCINELLA_CIRCUIT'); 

 

 

-- PAGAMENTO 

 

INSERT INTO "PAGAMENTO" VALUES (TO_DATE('15/12/2026', 'DD/MM/YYYY'), '14:35', 'Contanti', TO_DATE('15/12/2026', 'DD/MM/YYYY'), '14:30', NULL); 

 

INSERT INTO "PAGAMENTO" VALUES (TO_DATE('20/12/2026', 'DD/MM/YYYY'), '19:20', 'Carta Credito', TO_DATE('20/12/2026', 'DD/MM/YYYY'), '19:15', NULL); 

 

INSERT INTO "PAGAMENTO" VALUES (TO_DATE('23/12/2026', 'DD/MM/YYYY'), '15:05', 'Bancomat', TO_DATE('23/12/2026', 'DD/MM/YYYY'), '15:00', NULL); 

 

INSERT INTO "PAGAMENTO" VALUES (TO_DATE('05/07/2026', 'DD/MM/YYYY'), '16:25', 'Carta Credito', TO_DATE('05/07/2026', 'DD/MM/YYYY'), '16:20', 'SCUDERIA FERRARI'); 

 

INSERT INTO "PAGAMENTO" VALUES (TO_DATE('28/08/2026', 'DD/MM/YYYY'), '12:40', 'Carta Credito', TO_DATE('28/08/2026', 'DD/MM/YYYY'), '12:30', 'MERCEDES AMG'); 

 

INSERT INTO "PAGAMENTO" VALUES (TO_DATE('18/09/2026', 'DD/MM/YYYY'), '15:50', 'Carta Credito', TO_DATE('18/09/2026', 'DD/MM/YYYY'), '15:45', 'RED BULL RACING'); 

 

INSERT INTO "PAGAMENTO" VALUES (TO_DATE('09/11/2026', 'DD/MM/YYYY'), '09:05', 'Carta Credito', TO_DATE('09/11/2026', 'DD/MM/YYYY'), '09:00', 'MCLAREN'); 

 

INSERT INTO "PAGAMENTO" VALUES (TO_DATE('03/12/2026', 'DD/MM/YYYY'), '10:05', 'Carta Credito', TO_DATE('03/12/2026', 'DD/MM/YYYY'), '10:00', 'ASTON MARTIN'); 

 

INSERT INTO "PAGAMENTO" VALUES (TO_DATE('03/07/2026', 'DD/MM/YYYY'), '10:00', 'Bonifico', NULL, NULL, 'SCUDERIA FERRARI'); 

 

INSERT INTO "PAGAMENTO" VALUES (TO_DATE('03/07/2026', 'DD/MM/YYYY'), '11:00', 'Bonifico', NULL, NULL, 'MERCEDES AMG'); 

 

INSERT INTO "PAGAMENTO" VALUES (TO_DATE('03/07/2026', 'DD/MM/YYYY'), '12:00', 'Bonifico', NULL, NULL, 'RED BULL RACING'); 

 

INSERT INTO "PAGAMENTO" VALUES (TO_DATE('02/10/2026', 'DD/MM/YYYY'), '12:05', 'Bonifico', TO_DATE('02/10/2026', 'DD/MM/YYYY'), '12:00', NULL); 

 

INSERT INTO "PAGAMENTO" VALUES (TO_DATE('03/10/2026', 'DD/MM/YYYY'), '09:05', 'Bancomat', TO_DATE('03/10/2026', 'DD/MM/YYYY'), '09:00', NULL); 

 

INSERT INTO "PAGAMENTO" VALUES (TO_DATE('04/10/2026', 'DD/MM/YYYY'), '14:35', 'Contanti', TO_DATE('04/10/2026', 'DD/MM/YYYY'), '14:30', NULL); 

 

INSERT INTO "PAGAMENTO" VALUES (TO_DATE('15/06/2026', 'DD/MM/YYYY'), '18:20', 'Bancomat', TO_DATE('15/06/2026', 'DD/MM/YYYY'), '18:15', NULL); 

 

INSERT INTO "PAGAMENTO" VALUES (TO_DATE('16/06/2026', 'DD/MM/YYYY'), '10:05', 'Contanti', TO_DATE('16/06/2026', 'DD/MM/YYYY'), '10:00', NULL); 

 

INSERT INTO "PAGAMENTO" VALUES (TO_DATE('29/06/2026', 'DD/MM/YYYY'), '11:50', 'Carta Credito', TO_DATE('29/06/2026', 'DD/MM/YYYY'), '11:45', NULL); 

 

INSERT INTO "PAGAMENTO" VALUES (TO_DATE('22/07/2026', 'DD/MM/YYYY'), '09:20', 'Bancomat', TO_DATE('22/07/2026', 'DD/MM/YYYY'), '09:15', NULL); 

 

INSERT INTO "PAGAMENTO" VALUES (TO_DATE('01/08/2026', 'DD/MM/YYYY'), '15:05', 'Contanti', TO_DATE('01/08/2026', 'DD/MM/YYYY'), '15:00', NULL); 

 

INSERT INTO "PAGAMENTO" VALUES (TO_DATE('30/08/2026', 'DD/MM/YYYY'), '17:15', 'Bancomat', TO_DATE('30/08/2026', 'DD/MM/YYYY'), '17:10', NULL); 

 

INSERT INTO "PAGAMENTO" VALUES (TO_DATE('10/09/2026', 'DD/MM/YYYY'), '11:05', 'Contanti', TO_DATE('10/09/2026', 'DD/MM/YYYY'), '11:00', NULL); 

 

INSERT INTO "PAGAMENTO" VALUES (TO_DATE('08/10/2026', 'DD/MM/YYYY'), '19:35', 'Bonifico', TO_DATE('08/10/2026', 'DD/MM/YYYY'), '19:30', NULL); 

 

INSERT INTO "PAGAMENTO" VALUES (TO_DATE('19/10/2026', 'DD/MM/YYYY'), '14:05', 'Bancomat', TO_DATE('19/10/2026', 'DD/MM/YYYY'), '14:00', NULL); 

 

INSERT INTO "PAGAMENTO" VALUES (TO_DATE('02/11/2026', 'DD/MM/YYYY'), '10:35', 'Contanti', TO_DATE('02/11/2026', 'DD/MM/YYYY'), '10:30', NULL); 

 

INSERT INTO "PAGAMENTO" VALUES (TO_DATE('10/11/2026', 'DD/MM/YYYY'), '15:25', 'Bancomat', TO_DATE('10/11/2026', 'DD/MM/YYYY'), '15:20', NULL); 

 

INSERT INTO "PAGAMENTO" VALUES (TO_DATE('14/11/2026', 'DD/MM/YYYY'), '11:20', 'Contanti', TO_DATE('14/11/2026', 'DD/MM/YYYY'), '11:15', NULL); 

 

INSERT INTO "PAGAMENTO" VALUES (TO_DATE('22/11/2026', 'DD/MM/YYYY'), '17:50', 'Bonifico', TO_DATE('22/11/2026', 'DD/MM/YYYY'), '17:45', NULL); 

 

INSERT INTO "PAGAMENTO" VALUES (TO_DATE('05/12/2026', 'DD/MM/YYYY'), '16:05', 'Bancomat', TO_DATE('05/12/2026', 'DD/MM/YYYY'), '16:00', NULL); 

 

 

-- UPDATE FINALIZZAZIONE 

 

UPDATE "GARA" SET "NOME_CAMPIONATO" = NULL; 

 

UPDATE "GARA" SET "NOME_CAMPIONATO" = 'WSK Super Master Series' WHERE "DATA_GARA" = TO_DATE('04/07/2026', 'DD/MM/YYYY') AND "ORA_GARA" = '11:30' AND "NOME_PISTA" = 'VULCANO_CIRCUIT'; 

 

UPDATE "GARA" SET "NOME_CAMPIONATO" = 'WSK Euro Series' WHERE "DATA_GARA" = TO_DATE('12/09/2026', 'DD/MM/YYYY') AND "ORA_GARA" = '10:30' AND "NOME_PISTA" = 'PULCINELLA_CIRCUIT'; 

 

UPDATE "GARA" SET "NOME_CAMPIONATO" = 'WSK Champions Cup' WHERE "DATA_GARA" = TO_DATE('20/11/2026', 'DD/MM/YYYY') AND "ORA_GARA" = '16:30' AND "NOME_PISTA" = 'VULCANO_CIRCUIT'; 

 

 

COMMIT; 

 

 

 
